timestamp,temperature,humidity(%),latency(ms),throughput(bytes/sec),packet_loss(%),rssi(dBm)
2025-06-27 | 00:00:00,30.79,73.36,0.23,0.05,0.0,-57.38
2025-06-27 | 00:01:00,30.86,73.53,0.31,0.05,0.0,-55.36
2025-06-27 | 00:02:00,30.96,73.7,0.25,0.05,0.0,-58.61
2025-06-27 | 00:03:00,31.06,73.87,0.28,0.05,0.0,-61.92
2025-06-27 | 00:04:00,31.17,74.04,0.25,0.05,0.0,-59.46
2025-06-27 | 00:05:00,31.24,74.21,0.26,0.05,0.0,-55.26
2025-06-27 | 00:06:00,31.28,74.38,0.29,0.05,0.0,-58.29
2025-06-27 | 00:07:00,31.26,74.37,0.24,0.05,0.0,-56.97
2025-06-27 | 00:08:00,31.2,74.36,0.28,0.05,0.0,-59.81
2025-06-27 | 00:09:00,31.11,74.35,0.29,0.05,0.0,-57.86
2025-06-27 | 00:10:00,31.02,74.59,0.27,0.05,0.0,-61.49
2025-06-27 | 00:11:00,30.95,74.83,0.29,0.05,0.0,-57.46
2025-06-27 | 00:12:00,30.93,75.07,0.28,0.05,0.0,-58.03
2025-06-27 | 00:13:00,30.95,74.88,0.29,0.05,0.0,-55.36
2025-06-27 | 00:14:00,31.02,74.69,0.28,0.05,0.0,-53.85
2025-06-27 | 00:15:00,31.12,74.5,0.31,0.05,0.0,-56.8
2025-06-27 | 00:16:00,31.22,75.11,0.25,0.05,0.0,-58.86
2025-06-27 | 00:17:00,31.3,75.72,0.29,0.05,0.0,-56.39
2025-06-27 | 00:18:00,31.35,76.34,0.27,0.05,0.0,-57.55
2025-06-27 | 00:19:00,31.36,76.13,0.28,0.05,0.0,-57.54
2025-06-27 | 00:20:00,31.33,75.93,0.26,0.05,0.0,-57.02
2025-06-27 | 00:21:00,31.28,75.73,0.27,0.05,0.0,-57.82
2025-06-27 | 00:22:00,31.22,75.14,0.28,0.05,0.0,-56.0
2025-06-27 | 00:23:00,31.17,74.54,0.27,0.05,0.0,-55.99
2025-06-27 | 00:24:00,31.15,75.17,0.26,0.05,0.0,-56.24
2025-06-27 | 00:25:00,31.15,75.8,0.29,0.05,0.0,-58.97
2025-06-27 | 00:26:00,31.19,76.42,0.32,0.05,0.0,-59.34
2025-06-27 | 00:27:00,31.25,76.46,0.23,0.05,0.0,-58.44
2025-06-27 | 00:28:00,31.32,76.49,0.28,0.05,0.0,-56.21
2025-06-27 | 00:29:00,31.4,76.53,0.26,0.05,0.0,-57.93
2025-06-27 | 00:30:00,31.47,76.62,0.32,0.05,0.0,-58.22
2025-06-27 | 00:31:00,31.54,76.72,0.3,0.05,0.0,-58.02
2025-06-27 | 00:32:00,31.6,76.81,0.24,0.05,0.0,-58.16
2025-06-27 | 00:33:00,31.64,76.91,0.3,0.05,0.0,-58.51
2025-06-27 | 00:34:00,31.66,77.0,0.28,0.05,0.0,-58.22
2025-06-27 | 00:35:00,31.67,76.98,0.3,0.05,0.0,-57.48
2025-06-27 | 00:36:00,31.67,76.95,0.27,0.05,0.0,-58.05
2025-06-27 | 00:37:00,31.66,76.92,0.28,0.05,0.0,-56.63
2025-06-27 | 00:38:00,31.65,76.89,0.26,0.05,0.0,-58.22
2025-06-27 | 00:39:00,31.64,76.86,0.27,0.05,0.0,-57.98
2025-06-27 | 00:40:00,31.64,76.83,0.27,0.05,0.0,-56.64
2025-06-27 | 00:41:00,31.65,76.8,0.28,0.05,0.0,-55.43
2025-06-27 | 00:42:00,31.68,76.76,0.3,0.05,0.0,-57.91
2025-06-27 | 00:43:00,31.71,76.72,0.27,0.05,0.0,-56.34
2025-06-27 | 00:44:00,31.75,76.8,0.32,0.05,0.0,-60.83
2025-06-27 | 00:45:00,31.8,76.87,0.27,0.05,0.0,-58.02
2025-06-27 | 00:46:00,31.84,76.96,0.28,0.05,0.0,-61.17
2025-06-27 | 00:47:00,31.88,77.05,0.26,0.05,0.0,-60.58
2025-06-27 | 00:48:00,31.91,77.13,0.24,0.05,0.0,-56.66
2025-06-27 | 00:49:00,31.93,77.35,0.31,0.05,0.0,-57.49
2025-06-27 | 00:50:00,31.96,77.56,0.26,0.05,0.0,-57.95
2025-06-27 | 00:51:00,31.97,77.78,0.28,0.05,0.0,-56.38
2025-06-27 | 00:52:00,31.99,77.28,0.28,0.05,0.0,-57.26
2025-06-27 | 00:53:00,31.99,76.79,0.26,0.05,0.0,-57.14
2025-06-27 | 00:54:00,31.99,77.5,0.3,0.05,0.0,-58.01
2025-06-27 | 00:55:00,31.97,77.53,0.3,0.05,0.0,-59.59
2025-06-27 | 00:56:00,31.94,77.56,0.26,0.05,0.0,-55.19
2025-06-27 | 00:57:00,31.91,78.34,0.3,0.05,0.0,-58.07
2025-06-27 | 00:58:00,31.88,78.85,0.28,0.05,0.0,-61.12
2025-06-27 | 00:59:00,31.86,79.35,0.31,0.05,0.0,-57.88
2025-06-27 | 01:00:00,31.86,78.95,0.28,0.05,0.0,-55.62
2025-06-27 | 01:01:00,31.87,79.11,0.26,0.05,0.0,-57.7
2025-06-27 | 01:02:00,31.91,79.27,0.27,0.05,0.0,-58.33
2025-06-27 | 01:03:00,31.97,79.12,0.28,0.05,0.0,-56.77
2025-06-27 | 01:04:00,32.03,78.8,0.29,0.05,0.0,-58.83
2025-06-27 | 01:05:00,32.08,78.49,0.28,0.05,0.0,-57.09
2025-06-27 | 01:06:00,32.13,78.17,0.26,0.05,0.0,-56.81
2025-06-27 | 01:07:00,32.16,78.73,0.29,0.05,0.0,-57.26
2025-06-27 | 01:08:00,32.17,79.28,0.26,0.05,0.0,-57.11
2025-06-27 | 01:09:00,32.17,79.16,0.32,0.05,0.0,-58.23
2025-06-27 | 01:10:00,32.17,79.04,0.25,0.05,0.0,-57.51
2025-06-27 | 01:11:00,32.18,78.93,0.24,0.05,0.0,-56.53
2025-06-27 | 01:12:00,32.2,79.27,0.25,0.05,0.0,-57.67
2025-06-27 | 01:13:00,32.24,79.62,0.25,0.05,0.0,-58.31
2025-06-27 | 01:14:00,32.29,79.96,0.26,0.05,0.0,-55.91
2025-06-27 | 01:15:00,32.36,79.73,0.29,0.05,0.0,-58.79
2025-06-27 | 01:16:00,32.43,79.5,0.28,0.05,0.0,-58.05
2025-06-27 | 01:17:00,32.5,78.98,0.29,0.05,0.0,-56.55
2025-06-27 | 01:18:00,32.57,79.47,0.32,0.05,0.0,-56.4
2025-06-27 | 01:19:00,32.63,79.96,0.33,0.05,0.0,-56.57
2025-06-27 | 01:20:00,32.67,80.17,0.28,0.05,0.0,-56.64
2025-06-27 | 01:21:00,32.69,80.39,0.31,0.05,0.0,-58.66
2025-06-27 | 01:22:00,32.7,80.6,0.3,0.05,0.0,-56.19
2025-06-27 | 01:23:00,32.68,80.18,0.29,0.05,0.0,-57.78
2025-06-27 | 01:24:00,32.63,79.76,0.34,0.05,0.0,-57.68
2025-06-27 | 01:25:00,32.57,79.34,0.28,0.05,0.0,-56.79
2025-06-27 | 01:26:00,32.5,80.29,0.26,0.05,0.0,-57.78
2025-06-27 | 01:27:00,32.43,81.24,0.26,0.05,0.0,-57.85
2025-06-27 | 01:28:00,32.37,79.84,0.29,0.05,0.0,-59.26
2025-06-27 | 01:29:00,32.34,80.03,0.29,0.05,0.0,-58.07
2025-06-27 | 01:30:00,32.33,80.22,0.27,0.05,0.0,-55.23
2025-06-27 | 01:31:00,32.37,80.28,0.3,0.05,0.0,-57.02
2025-06-27 | 01:32:00,32.43,80.34,0.28,0.05,0.0,-56.11
2025-06-27 | 01:33:00,32.51,80.4,0.3,0.05,0.0,-56.3
2025-06-27 | 01:34:00,32.59,80.21,0.27,0.05,0.0,-58.3
2025-06-27 | 01:35:00,32.67,80.01,0.29,0.05,0.0,-56.18
2025-06-27 | 01:36:00,32.72,80.89,0.27,0.05,0.0,-58.96
2025-06-27 | 01:37:00,32.75,80.6,0.27,0.05,0.0,-58.38
2025-06-27 | 01:38:00,32.75,80.31,0.28,0.05,0.0,-55.35
2025-06-27 | 01:39:00,32.74,80.03,0.32,0.05,0.0,-59.88
2025-06-27 | 01:40:00,32.72,80.57,0.29,0.05,0.0,-58.16
2025-06-27 | 01:41:00,32.7,81.11,0.25,0.05,0.0,-56.9
2025-06-27 | 01:42:00,32.7,81.65,0.28,0.05,0.0,-56.54
2025-06-27 | 01:43:00,32.71,81.08,0.29,0.05,0.0,-58.81
2025-06-27 | 01:44:00,32.73,80.52,0.26,0.05,0.0,-57.07
2025-06-27 | 01:45:00,32.76,79.96,0.26,0.05,0.0,-57.65
2025-06-27 | 01:46:00,32.78,80.35,0.26,0.05,0.0,-59.51
2025-06-27 | 01:47:00,32.81,80.73,0.26,0.05,0.0,-57.69
2025-06-27 | 01:48:00,32.82,81.12,0.3,0.05,0.0,-57.43
2025-06-27 | 01:49:00,32.83,81.34,0.32,0.05,0.0,-57.2
2025-06-27 | 01:50:00,32.83,81.56,0.24,0.05,0.0,-59.37
2025-06-27 | 01:51:00,32.84,81.77,0.24,0.05,0.0,-58.19
2025-06-27 | 01:52:00,32.85,81.99,0.28,0.05,0.0,-59.81
2025-06-27 | 01:53:00,32.87,82.2,0.27,0.05,0.0,-56.7
2025-06-27 | 01:54:00,32.91,81.87,0.25,0.05,0.0,-57.36
2025-06-27 | 01:55:00,32.95,81.54,0.28,0.05,0.0,-58.74
2025-06-27 | 01:56:00,33.0,81.21,0.29,0.05,0.0,-56.96
2025-06-27 | 01:57:00,33.05,81.45,0.33,0.05,0.0,-55.87
2025-06-27 | 01:58:00,33.1,81.7,0.27,0.05,0.0,-57.06
2025-06-27 | 01:59:00,33.15,81.94,0.29,0.05,0.0,-57.34
2025-06-27 | 02:00:00,33.19,81.98,0.3,0.05,0.0,-56.88
2025-06-27 | 02:01:00,33.22,82.03,0.25,0.05,0.0,-55.9
2025-06-27 | 02:02:00,33.24,82.07,0.24,0.05,0.0,-57.13
2025-06-27 | 02:03:00,33.24,82.11,0.27,0.05,0.0,-57.51
2025-06-27 | 02:04:00,33.23,82.15,0.27,0.05,0.0,-57.4
2025-06-27 | 02:05:00,33.19,82.38,0.29,0.05,0.0,-59.72
2025-06-27 | 02:06:00,33.13,82.61,0.28,0.05,0.0,-58.79
2025-06-27 | 02:07:00,33.06,82.85,0.29,0.05,0.0,-56.93
2025-06-27 | 02:08:00,32.98,82.53,0.28,0.05,0.0,-59.23
2025-06-27 | 02:09:00,32.9,82.21,0.27,0.05,0.0,-55.87
2025-06-27 | 02:10:00,32.85,81.89,0.26,0.05,0.0,-56.37
2025-06-27 | 02:11:00,32.83,82.11,0.25,0.05,0.0,-60.09
2025-06-27 | 02:12:00,32.84,82.34,0.31,0.05,0.0,-58.32
2025-06-27 | 02:13:00,32.89,82.56,0.24,0.05,0.0,-58.82
2025-06-27 | 02:14:00,32.98,82.78,0.27,0.05,0.0,-57.6
2025-06-27 | 02:15:00,33.08,83.01,0.27,0.05,0.0,-56.56
2025-06-27 | 02:16:00,33.18,83.06,0.27,0.05,0.0,-60.4
2025-06-27 | 02:17:00,33.27,83.1,0.27,0.05,0.0,-59.27
2025-06-27 | 02:18:00,33.34,83.15,0.29,0.05,0.0,-55.83
2025-06-27 | 02:19:00,33.37,83.2,0.27,0.05,0.0,-57.66
2025-06-27 | 02:20:00,33.37,83.25,0.31,0.05,0.0,-56.81
2025-06-27 | 02:21:00,33.35,83.3,0.29,0.05,0.0,-57.62
2025-06-27 | 02:22:00,33.31,83.81,0.29,0.05,0.0,-60.16
2025-06-27 | 02:23:00,33.28,84.33,0.28,0.05,0.0,-57.56
2025-06-27 | 02:24:00,33.26,84.85,0.29,0.05,0.0,-58.53
2025-06-27 | 02:25:00,33.25,84.43,0.26,0.05,0.0,-59.8
2025-06-27 | 02:26:00,33.26,84.01,0.28,0.05,0.0,-57.49
2025-06-27 | 02:27:00,33.28,83.59,0.25,0.05,0.0,-58.1
2025-06-27 | 02:28:00,33.3,83.71,0.27,0.05,0.0,-53.9
2025-06-27 | 02:29:00,33.31,83.83,0.29,0.05,0.0,-56.92
2025-06-27 | 02:30:00,33.32,83.94,0.26,0.05,0.0,-56.1
2025-06-27 | 02:31:00,33.33,84.4,0.22,0.05,0.0,-56.29
2025-06-27 | 02:32:00,33.35,84.86,0.27,0.05,0.0,-60.24
2025-06-27 | 02:33:00,33.38,85.32,0.26,0.05,0.0,-55.88
2025-06-27 | 02:34:00,33.43,84.7,0.29,0.05,0.0,-58.56
2025-06-27 | 02:35:00,33.5,84.07,0.29,0.05,0.0,-58.4
2025-06-27 | 02:36:00,33.58,83.44,0.26,0.05,0.0,-56.92
2025-06-27 | 02:37:00,33.65,83.92,0.25,0.05,0.0,-59.51
2025-06-27 | 02:38:00,33.71,84.39,0.26,0.05,0.0,-57.32
2025-06-27 | 02:39:00,33.72,84.85,0.27,0.05,0.0,-56.22
2025-06-27 | 02:40:00,33.69,85.31,0.26,0.05,0.0,-53.46
2025-06-27 | 02:41:00,33.63,84.86,0.26,0.05,0.0,-57.51
2025-06-27 | 02:42:00,33.53,84.48,0.28,0.05,0.0,-57.18
2025-06-27 | 02:43:00,33.42,84.1,0.29,0.05,0.0,-56.04
2025-06-27 | 02:44:00,33.33,84.86,0.28,0.05,0.0,-57.36
2025-06-27 | 02:45:00,33.28,84.79,0.27,0.05,0.0,-54.55
2025-06-27 | 02:46:00,33.27,84.71,0.25,0.05,0.0,-58.28
2025-06-27 | 02:47:00,33.31,84.64,0.24,0.05,0.0,-57.4
2025-06-27 | 02:48:00,33.4,85.11,0.25,0.05,0.0,-58.02
2025-06-27 | 02:49:00,33.51,85.59,0.28,0.05,0.0,-57.39
2025-06-27 | 02:50:00,33.63,85.59,0.33,0.05,0.0,-58.93
2025-06-27 | 02:51:00,33.73,85.6,0.28,0.05,0.0,-56.92
2025-06-27 | 02:52:00,33.81,85.6,0.3,0.05,0.0,-58.32
2025-06-27 | 02:53:00,33.86,85.61,0.3,0.05,0.0,-58.33
2025-06-27 | 02:54:00,33.88,85.62,0.27,0.05,0.0,-58.12
2025-06-27 | 02:55:00,33.87,85.62,0.25,0.05,0.0,-55.47
2025-06-27 | 02:56:00,33.85,85.63,0.3,0.05,0.0,-55.08
2025-06-27 | 02:57:00,33.83,85.64,0.26,0.05,0.0,-54.25
2025-06-27 | 02:58:00,33.83,85.64,0.26,0.05,0.0,-59.48
2025-06-27 | 02:59:00,33.83,85.65,0.28,0.05,0.0,-55.36
2025-06-27 | 03:00:00,33.87,85.65,0.27,0.05,0.0,-55.76
2025-06-27 | 03:01:00,33.92,85.7,0.31,0.05,0.0,-54.09
2025-06-27 | 03:02:00,33.99,85.74,0.28,0.05,0.0,-55.28
2025-06-27 | 03:03:00,34.07,85.78,0.28,0.05,0.0,-57.22
2025-06-27 | 03:04:00,34.14,85.64,0.3,0.05,0.0,-61.67
2025-06-27 | 03:05:00,34.19,85.51,0.31,0.05,0.0,-55.07
2025-06-27 | 03:06:00,34.2,85.94,0.3,0.05,0.0,-56.67
2025-06-27 | 03:07:00,34.17,86.02,0.26,0.05,0.0,-58.37
2025-06-27 | 03:08:00,34.09,86.1,0.27,0.05,0.0,-55.52
2025-06-27 | 03:09:00,33.99,86.18,0.3,0.05,0.0,-56.58
2025-06-27 | 03:10:00,33.88,85.97,0.29,0.05,0.0,-59.13
2025-06-27 | 03:11:00,33.79,85.76,0.27,0.05,0.0,-57.68
2025-06-27 | 03:12:00,33.76,85.53,0.29,0.05,0.0,-58.73
2025-06-27 | 03:13:00,33.78,85.64,0.26,0.05,0.0,-57.86
2025-06-27 | 03:14:00,33.86,85.75,0.25,0.05,0.0,-57.01
2025-06-27 | 03:15:00,33.99,85.86,0.3,0.05,0.0,-61.32
2025-06-27 | 03:16:00,34.13,86.28,0.31,0.05,0.0,-57.03
2025-06-27 | 03:17:00,34.24,86.7,0.27,0.05,0.0,-57.4
2025-06-27 | 03:18:00,34.31,87.12,0.28,0.05,0.0,-58.23
2025-06-27 | 03:19:00,34.31,87.31,0.31,0.05,0.0,-58.13
2025-06-27 | 03:20:00,34.26,87.5,0.26,0.05,0.0,-56.93
2025-06-27 | 03:21:00,34.17,87.44,0.29,0.05,0.0,-57.84
2025-06-27 | 03:22:00,34.09,87.23,0.29,0.05,0.0,-60.08
2025-06-27 | 03:23:00,34.03,87.03,0.31,0.05,0.0,-57.52
2025-06-27 | 03:24:00,34.03,85.96,0.26,0.05,0.0,-58.79
2025-06-27 | 03:25:00,34.09,86.81,0.27,0.05,0.0,-59.45
2025-06-27 | 03:26:00,34.18,86.66,0.27,0.05,0.0,-56.98
2025-06-27 | 03:27:00,34.29,86.62,0.28,0.05,0.0,-59.3
2025-06-27 | 03:28:00,34.37,85.66,0.28,0.05,0.0,-56.75
2025-06-27 | 03:29:00,34.4,86.95,0.27,0.05,0.0,-57.52
2025-06-27 | 03:30:00,34.37,87.07,0.27,0.05,0.0,-56.27
2025-06-27 | 03:31:00,34.29,87.18,0.25,0.05,0.0,-60.2
2025-06-27 | 03:32:00,34.19,87.3,0.26,0.05,0.0,-55.14
2025-06-27 | 03:33:00,34.1,87.15,0.28,0.05,0.0,-56.72
2025-06-27 | 03:34:00,34.06,87.0,0.29,0.05,0.0,-59.4
2025-06-27 | 03:35:00,34.08,87.14,0.29,0.05,0.0,-56.16
2025-06-27 | 03:36:00,34.16,87.28,0.27,0.05,0.0,-59.24
2025-06-27 | 03:37:00,34.27,87.42,0.24,0.05,0.0,-58.93
2025-06-27 | 03:38:00,34.37,87.56,0.26,0.05,0.0,-60.15
2025-06-27 | 03:39:00,34.45,87.69,0.31,0.05,0.0,-56.31
2025-06-27 | 03:40:00,34.47,87.83,0.27,0.05,0.0,-55.33
2025-06-27 | 03:41:00,34.43,87.92,0.29,0.05,0.0,-54.74
2025-06-27 | 03:42:00,34.35,88.01,0.25,0.05,0.0,-55.73
2025-06-27 | 03:43:00,34.27,88.11,0.28,0.05,0.0,-56.04
2025-06-27 | 03:44:00,34.22,88.2,0.29,0.05,0.0,-58.67
2025-06-27 | 03:45:00,34.21,88.29,0.28,0.05,0.0,-57.53
2025-06-27 | 03:46:00,34.25,88.15,0.31,0.05,0.0,-56.91
2025-06-27 | 03:47:00,34.34,88.01,0.28,0.05,0.0,-57.86
2025-06-27 | 03:48:00,34.44,87.87,0.26,0.05,0.0,-55.78
2025-06-27 | 03:49:00,34.52,88.1,0.31,0.05,0.0,-56.68
2025-06-27 | 03:50:00,34.57,88.33,0.28,0.05,0.0,-59.52
2025-06-27 | 03:51:00,34.57,88.56,0.26,0.05,0.0,-55.58
2025-06-27 | 03:52:00,34.54,88.32,0.26,0.05,0.0,-57.83
2025-06-27 | 03:53:00,34.5,88.07,0.24,0.05,0.0,-55.0
2025-06-27 | 03:54:00,34.47,87.83,0.32,0.05,0.0,-57.52
2025-06-27 | 03:55:00,34.46,87.62,0.32,0.05,0.0,-57.17
2025-06-27 | 03:56:00,34.5,87.41,0.28,0.05,0.0,-56.2
2025-06-27 | 03:57:00,34.55,87.21,0.27,0.05,0.0,-57.76
2025-06-27 | 03:58:00,34.62,87.45,0.27,0.05,0.0,-58.49
2025-06-27 | 03:59:00,34.67,87.69,0.23,0.05,0.0,-59.07
2025-06-27 | 04:00:00,34.69,87.93,0.26,0.05,0.0,-56.56
2025-06-27 | 04:01:00,34.67,88.6,0.28,0.05,0.0,-56.85
2025-06-27 | 04:02:00,34.61,89.28,0.3,0.05,0.0,-58.59
2025-06-27 | 04:03:00,34.55,88.76,0.3,0.05,0.0,-54.92
2025-06-27 | 04:04:00,34.49,88.81,0.28,0.05,0.0,-55.27
2025-06-27 | 04:05:00,34.46,88.86,0.27,0.05,0.0,-59.82
2025-06-27 | 04:06:00,34.46,88.91,0.27,0.05,0.0,-57.46
2025-06-27 | 04:07:00,34.47,88.83,0.29,0.05,0.0,-58.52
2025-06-27 | 04:08:00,34.5,88.76,0.3,0.05,0.0,-56.29
2025-06-27 | 04:09:00,34.51,88.37,0.29,0.05,0.0,-58.7
2025-06-27 | 04:10:00,34.51,87.99,0.25,0.05,0.0,-58.04
2025-06-27 | 04:11:00,34.48,88.81,0.29,0.05,0.0,-55.38
2025-06-27 | 04:12:00,34.45,88.73,0.27,0.05,0.0,-56.0
2025-06-27 | 04:13:00,34.42,88.66,0.26,0.05,0.0,-57.24
2025-06-27 | 04:14:00,34.43,88.58,0.3,0.05,0.0,-59.24
2025-06-27 | 04:15:00,34.46,88.86,0.26,0.05,0.0,-56.42
2025-06-27 | 04:16:00,34.53,89.15,0.28,0.05,0.0,-58.63
2025-06-27 | 04:17:00,34.62,89.43,0.3,0.05,0.0,-57.56
2025-06-27 | 04:18:00,34.7,89.32,0.28,0.05,0.0,-58.22
2025-06-27 | 04:19:00,34.76,89.21,0.28,0.05,0.0,-58.1
2025-06-27 | 04:20:00,34.78,89.2,0.29,0.05,0.0,-58.04
2025-06-27 | 04:21:00,34.75,89.2,0.29,0.05,0.0,-58.07
2025-06-27 | 04:22:00,34.7,89.2,0.28,0.05,0.0,-58.31
2025-06-27 | 04:23:00,34.64,89.2,0.32,0.05,0.0,-59.62
2025-06-27 | 04:24:00,34.59,89.2,0.26,0.05,0.0,-56.88
2025-06-27 | 04:25:00,34.56,89.19,0.24,0.05,0.0,-58.06
2025-06-27 | 04:26:00,34.57,88.32,0.28,0.05,0.0,-55.79
2025-06-27 | 04:27:00,34.6,89.41,0.28,0.05,0.0,-57.13
2025-06-27 | 04:28:00,34.64,89.6,0.29,0.05,0.0,-59.68
2025-06-27 | 04:29:00,34.68,90.27,0.26,0.05,0.0,-58.95
2025-06-27 | 04:30:00,34.69,89.5,0.28,0.05,0.0,-55.64
2025-06-27 | 04:31:00,34.69,89.54,0.29,0.05,0.0,-57.47
2025-06-27 | 04:32:00,34.67,89.58,0.3,0.05,0.0,-58.49
2025-06-27 | 04:33:00,34.65,89.63,0.23,0.05,0.0,-55.27
2025-06-27 | 04:34:00,34.65,89.67,0.28,0.05,0.0,-58.25
2025-06-27 | 04:35:00,34.66,89.71,0.27,0.05,0.0,-55.54
2025-06-27 | 04:36:00,34.71,89.76,0.28,0.05,0.0,-57.05
2025-06-27 | 04:37:00,34.76,89.76,0.27,0.05,0.0,-57.93
2025-06-27 | 04:38:00,34.81,89.76,0.26,0.05,0.0,-56.48
2025-06-27 | 04:39:00,34.85,89.77,0.31,0.05,0.0,-55.46
2025-06-27 | 04:40:00,34.86,90.72,0.3,0.05,0.0,-54.95
2025-06-27 | 04:41:00,34.85,91.69,0.24,0.05,0.0,-57.29
2025-06-27 | 04:42:00,34.82,90.58,0.3,0.05,0.0,-57.08
2025-06-27 | 04:43:00,34.79,89.91,0.29,0.05,0.0,-57.99
2025-06-27 | 04:44:00,34.77,89.25,0.27,0.05,0.0,-60.54
2025-06-27 | 04:45:00,34.77,89.55,0.27,0.05,0.0,-57.43
2025-06-27 | 04:46:00,34.8,89.63,0.29,0.05,0.0,-56.75
2025-06-27 | 04:47:00,34.85,89.72,0.28,0.05,0.0,-57.02
2025-06-27 | 04:48:00,34.91,89.63,0.3,0.05,0.0,-58.09
2025-06-27 | 04:49:00,34.95,89.72,0.27,0.05,0.0,-59.17
2025-06-27 | 04:50:00,34.98,89.81,0.26,0.05,0.0,-57.99
2025-06-27 | 04:51:00,34.99,90.26,0.28,0.05,0.0,-60.48
2025-06-27 | 04:52:00,34.98,90.14,0.31,0.05,0.0,-56.09
2025-06-27 | 04:53:00,34.96,90.02,0.24,0.05,0.0,-56.63
2025-06-27 | 04:54:00,34.94,90.22,0.29,0.05,0.0,-58.01
2025-06-27 | 04:55:00,34.93,91.61,0.28,0.05,0.0,-56.64
2025-06-27 | 04:56:00,34.93,90.87,0.26,0.05,0.0,-58.37
2025-06-27 | 04:57:00,34.95,90.55,0.3,0.05,0.0,-58.23
2025-06-27 | 04:58:00,34.97,90.22,0.26,0.05,0.0,-57.56
2025-06-27 | 04:59:00,34.99,89.49,0.25,0.05,0.0,-56.3
2025-06-27 | 05:00:00,35.01,89.7,0.25,0.05,0.0,-55.87
2025-06-27 | 05:01:00,35.03,89.91,0.3,0.05,0.0,-57.89
2025-06-27 | 05:02:00,35.04,90.13,0.32,0.05,0.0,-59.34
2025-06-27 | 05:03:00,35.06,90.34,0.29,0.05,0.0,-57.73
2025-06-27 | 05:04:00,35.08,90.56,0.25,0.05,0.0,-57.66
2025-06-27 | 05:05:00,35.09,91.7,0.27,0.05,0.0,-60.14
2025-06-27 | 05:06:00,35.1,91.59,0.26,0.05,0.0,-58.58
2025-06-27 | 05:07:00,35.09,90.21,0.22,0.05,0.0,-58.59
2025-06-27 | 05:08:00,35.07,90.5,0.27,0.05,0.0,-58.72
2025-06-27 | 05:09:00,35.03,90.8,0.28,0.05,0.0,-56.41
2025-06-27 | 05:10:00,34.98,91.1,0.26,0.05,0.0,-54.75
2025-06-27 | 05:11:00,34.94,91.02,0.26,0.05,0.0,-56.66
2025-06-27 | 05:12:00,34.91,90.93,0.26,0.05,0.0,-58.06
2025-06-27 | 05:13:00,34.9,90.85,0.27,0.05,0.0,-56.6
2025-06-27 | 05:14:00,34.91,90.77,0.29,0.05,0.0,-59.54
2025-06-27 | 05:15:00,34.94,90.68,0.29,0.05,0.0,-57.63
2025-06-27 | 05:16:00,34.97,90.34,0.28,0.05,0.0,-54.59
2025-06-27 | 05:17:00,34.98,89.99,0.28,0.05,0.0,-58.84
2025-06-27 | 05:18:00,34.97,89.64,0.29,0.05,0.0,-58.35
2025-06-27 | 05:19:00,34.94,90.34,0.25,0.05,0.0,-57.14
2025-06-27 | 05:20:00,34.9,91.04,0.28,0.05,0.0,-60.62
2025-06-27 | 05:21:00,34.85,91.13,0.25,0.05,0.0,-58.23
2025-06-27 | 05:22:00,34.82,90.93,0.27,0.05,0.0,-57.16
2025-06-27 | 05:23:00,34.82,90.74,0.29,0.05,0.0,-56.95
2025-06-27 | 05:24:00,34.85,90.54,0.3,0.05,0.0,-58.36
2025-06-27 | 05:25:00,34.92,90.82,0.32,0.05,0.0,-59.46
2025-06-27 | 05:26:00,35.0,91.1,0.31,0.05,0.0,-55.31
2025-06-27 | 05:27:00,35.07,91.38,0.3,0.05,0.0,-54.91
2025-06-27 | 05:28:00,35.13,91.56,0.28,0.05,0.0,-56.23
2025-06-27 | 05:29:00,35.15,91.74,0.29,0.05,0.0,-55.68
2025-06-27 | 05:30:00,35.13,90.94,0.24,0.05,0.0,-57.71
2025-06-27 | 05:31:00,35.08,90.08,0.3,0.05,0.0,-56.83
2025-06-27 | 05:32:00,35.01,91.34,0.26,0.05,0.0,-58.81
2025-06-27 | 05:33:00,34.95,91.07,0.29,0.05,0.0,-56.97
2025-06-27 | 05:34:00,34.91,90.68,0.31,0.05,0.0,-59.32
2025-06-27 | 05:35:00,34.89,90.28,0.28,0.05,0.0,-56.51
2025-06-27 | 05:36:00,34.9,91.46,0.3,0.05,0.0,-57.49
2025-06-27 | 05:37:00,34.92,91.34,0.29,0.05,0.0,-59.45
2025-06-27 | 05:38:00,34.96,91.22,0.26,0.05,0.0,-57.85
2025-06-27 | 05:39:00,34.99,91.24,0.28,0.05,0.0,-58.11
2025-06-27 | 05:40:00,35.01,91.25,0.32,0.05,0.0,-58.36
2025-06-27 | 05:41:00,35.02,91.27,0.31,0.05,0.0,-57.72
2025-06-27 | 05:42:00,35.01,90.99,0.27,0.05,0.0,-60.35
2025-06-27 | 05:43:00,34.99,90.53,0.28,0.05,0.0,-58.65
2025-06-27 | 05:44:00,34.96,91.83,0.27,0.05,0.0,-58.87
2025-06-27 | 05:45:00,34.93,91.26,0.27,0.05,0.0,-59.55
2025-06-27 | 05:46:00,34.9,90.69,0.31,0.05,0.0,-56.63
2025-06-27 | 05:47:00,34.88,90.11,0.26,0.05,0.0,-59.51
2025-06-27 | 05:48:00,34.87,90.7,0.28,0.05,0.0,-59.53
2025-06-27 | 05:49:00,34.88,91.29,0.27,0.05,0.0,-57.66
2025-06-27 | 05:50:00,34.91,91.24,0.26,0.05,0.0,-59.31
2025-06-27 | 05:51:00,34.95,91.2,0.22,0.05,0.0,-58.24
2025-06-27 | 05:52:00,35.01,91.15,0.21,0.05,0.0,-57.03
2025-06-27 | 05:53:00,35.07,91.1,0.28,0.05,0.0,-55.95
2025-06-27 | 05:54:00,35.12,91.05,0.26,0.05,0.0,-54.79
2025-06-27 | 05:55:00,35.16,91.0,0.28,0.05,0.0,-56.55
2025-06-27 | 05:56:00,35.16,91.19,0.3,0.05,0.0,-56.2
2025-06-27 | 05:57:00,35.13,91.38,0.31,0.05,0.0,-56.61
2025-06-27 | 05:58:00,35.09,90.45,0.32,0.05,0.0,-57.76
2025-06-27 | 05:59:00,35.04,91.01,0.28,0.05,0.0,-56.1
2025-06-27 | 06:00:00,34.99,91.57,0.28,0.05,0.0,-57.59
2025-06-27 | 06:01:00,34.97,91.51,0.24,0.05,0.0,-58.15
2025-06-27 | 06:02:00,34.99,91.45,0.3,0.05,0.0,-57.7
2025-06-27 | 06:03:00,35.03,91.39,0.29,0.05,0.0,-55.88
2025-06-27 | 06:04:00,35.08,91.33,0.28,0.05,0.0,-59.69
2025-06-27 | 06:05:00,35.13,91.26,0.32,0.05,0.0,-54.68
2025-06-27 | 06:06:00,35.16,91.2,0.31,0.05,0.0,-56.39
2025-06-27 | 06:07:00,35.16,92.4,0.26,0.05,0.0,-56.67
2025-06-27 | 06:08:00,35.12,91.75,0.26,0.05,0.0,-58.16
2025-06-27 | 06:09:00,35.06,91.7,0.28,0.05,0.0,-58.37
2025-06-27 | 06:10:00,35.0,91.34,0.31,0.05,0.0,-59.48
2025-06-27 | 06:11:00,34.96,90.98,0.29,0.05,0.0,-60.15
2025-06-27 | 06:12:00,34.96,90.63,0.26,0.05,0.0,-58.69
2025-06-27 | 06:13:00,34.99,90.84,0.3,0.05,0.0,-59.34
2025-06-27 | 06:14:00,35.06,91.06,0.29,0.05,0.0,-58.74
2025-06-27 | 06:15:00,35.15,91.28,0.27,0.05,0.0,-59.09
2025-06-27 | 06:16:00,35.23,91.49,0.26,0.05,0.0,-57.19
2025-06-27 | 06:17:00,35.29,91.71,0.26,0.05,0.0,-56.57
2025-06-27 | 06:18:00,35.3,91.93,0.25,0.05,0.0,-58.65
2025-06-27 | 06:19:00,35.27,91.91,0.27,0.05,0.0,-58.18
2025-06-27 | 06:20:00,35.22,91.9,0.27,0.05,0.0,-57.76
2025-06-27 | 06:21:00,35.15,91.88,0.29,0.05,0.0,-57.38
2025-06-27 | 06:22:00,35.1,91.73,0.23,0.05,0.0,-60.43
2025-06-27 | 06:23:00,35.08,91.58,0.27,0.05,0.0,-56.68
2025-06-27 | 06:24:00,35.09,91.58,0.29,0.05,0.0,-56.51
2025-06-27 | 06:25:00,35.13,91.58,0.25,0.05,0.0,-58.3
2025-06-27 | 06:26:00,35.18,91.58,0.27,0.05,0.0,-57.01
2025-06-27 | 06:27:00,35.23,91.58,0.23,0.05,0.0,-58.11
2025-06-27 | 06:28:00,35.26,91.58,0.25,0.05,0.0,-57.0
2025-06-27 | 06:29:00,35.26,91.58,0.25,0.05,0.0,-58.11
2025-06-27 | 06:30:00,35.23,91.58,0.28,0.05,0.0,-60.88
2025-06-27 | 06:31:00,35.2,91.58,0.29,0.05,0.0,-58.33
2025-06-27 | 06:32:00,35.16,91.58,0.3,0.05,0.0,-57.11
2025-06-27 | 06:33:00,35.14,91.58,0.29,0.05,0.0,-57.01
2025-06-27 | 06:34:00,35.14,91.58,0.29,0.05,0.0,-58.69
2025-06-27 | 06:35:00,35.16,92.27,0.28,0.05,0.0,-55.57
2025-06-27 | 06:36:00,35.19,92.96,0.24,0.05,0.0,-56.61
2025-06-27 | 06:37:00,35.22,92.24,0.28,0.05,0.0,-58.92
2025-06-27 | 06:38:00,35.22,91.96,0.25,0.05,0.0,-58.67
2025-06-27 | 06:39:00,35.21,91.68,0.26,0.05,0.0,-56.83
2025-06-27 | 06:40:00,35.16,91.39,0.3,0.05,0.0,-56.02
2025-06-27 | 06:41:00,35.1,91.28,0.28,0.05,0.0,-59.1
2025-06-27 | 06:42:00,35.04,91.18,0.27,0.05,0.0,-57.14
2025-06-27 | 06:43:00,34.98,91.07,0.29,0.05,0.0,-55.75
2025-06-27 | 06:44:00,34.94,90.96,0.25,0.05,0.0,-56.21
2025-06-27 | 06:45:00,34.93,90.86,0.29,0.05,0.0,-57.94
2025-06-27 | 06:46:00,34.94,91.07,0.28,0.05,0.0,-57.86
2025-06-27 | 06:47:00,34.97,91.28,0.3,0.05,0.0,-54.7
2025-06-27 | 06:48:00,35.02,91.5,0.28,0.05,0.0,-57.61
2025-06-27 | 06:49:00,35.06,91.71,0.26,0.05,0.0,-58.04
2025-06-27 | 06:50:00,35.09,91.93,0.23,0.05,0.0,-56.26
2025-06-27 | 06:51:00,35.11,92.14,0.29,0.05,0.0,-56.38
2025-06-27 | 06:52:00,35.1,91.87,0.26,0.05,0.0,-55.78
2025-06-27 | 06:53:00,35.08,91.6,0.27,0.05,0.0,-56.62
2025-06-27 | 06:54:00,35.04,91.33,0.28,0.05,0.0,-56.36
2025-06-27 | 06:55:00,34.99,91.06,0.26,0.05,0.0,-58.83
2025-06-27 | 06:56:00,34.93,90.78,0.32,0.05,0.0,-57.51
2025-06-27 | 06:57:00,34.88,90.51,0.26,0.05,0.0,-55.59
2025-06-27 | 06:58:00,34.83,90.78,0.28,0.05,0.0,-61.3
2025-06-27 | 06:59:00,34.8,91.05,0.26,0.05,0.0,-56.4
2025-06-27 | 07:00:00,34.78,91.32,0.29,0.05,0.0,-56.74
2025-06-27 | 07:01:00,34.78,91.59,0.31,0.05,0.0,-57.35
2025-06-27 | 07:02:00,34.79,91.86,0.28,0.05,0.0,-58.59
2025-06-27 | 07:03:00,34.81,92.13,0.24,0.05,0.0,-57.14
2025-06-27 | 07:04:00,34.84,91.92,0.26,0.05,0.0,-57.33
2025-06-27 | 07:05:00,34.87,91.72,0.24,0.05,0.0,-56.57
2025-06-27 | 07:06:00,34.89,91.51,0.26,0.05,0.0,-61.01
2025-06-27 | 07:07:00,34.91,91.7,0.32,0.05,0.0,-57.82
2025-06-27 | 07:08:00,34.92,91.9,0.29,0.05,0.0,-55.93
2025-06-27 | 07:09:00,34.93,92.57,0.3,0.05,0.0,-58.46
2025-06-27 | 07:10:00,34.94,91.58,0.24,0.05,0.0,-60.41
2025-06-27 | 07:11:00,34.95,91.91,0.28,0.05,0.0,-56.91
2025-06-27 | 07:12:00,34.97,91.84,0.31,0.05,0.0,-58.14
2025-06-27 | 07:13:00,34.97,91.77,0.29,0.05,0.0,-55.99
2025-06-27 | 07:14:00,34.98,91.7,0.23,0.05,0.0,-57.77
2025-06-27 | 07:15:00,34.97,91.55,0.32,0.05,0.0,-58.95
2025-06-27 | 07:16:00,34.94,91.41,0.29,0.05,0.0,-57.15
2025-06-27 | 07:17:00,34.91,91.27,0.26,0.05,0.0,-56.77
2025-06-27 | 07:18:00,34.88,91.62,0.25,0.05,0.0,-57.74
2025-06-27 | 07:19:00,34.85,91.96,0.31,0.05,0.0,-58.48
2025-06-27 | 07:20:00,34.83,91.78,0.25,0.05,0.0,-56.25
2025-06-27 | 07:21:00,34.83,91.59,0.24,0.05,0.0,-55.42
2025-06-27 | 07:22:00,34.83,91.41,0.28,0.05,0.0,-55.53
2025-06-27 | 07:23:00,34.84,91.22,0.28,0.05,0.0,-58.6
2025-06-27 | 07:24:00,34.85,91.04,0.29,0.05,0.0,-56.87
2025-06-27 | 07:25:00,34.84,90.85,0.3,0.05,0.0,-56.47
2025-06-27 | 07:26:00,34.82,91.58,0.27,0.05,0.0,-56.54
2025-06-27 | 07:27:00,34.79,92.31,0.3,0.05,0.0,-57.05
2025-06-27 | 07:28:00,34.75,91.55,0.25,0.05,0.0,-54.63
2025-06-27 | 07:29:00,34.71,91.51,0.3,0.05,0.0,-55.85
2025-06-27 | 07:30:00,34.68,91.47,0.24,0.05,0.0,-58.96
2025-06-27 | 07:31:00,34.66,91.53,0.3,0.05,0.0,-58.73
2025-06-27 | 07:32:00,34.64,91.6,0.29,0.05,0.0,-57.43
2025-06-27 | 07:33:00,34.63,91.66,0.23,0.05,0.0,-56.32
2025-06-27 | 07:34:00,34.62,91.73,0.29,0.05,0.0,-55.84
2025-06-27 | 07:35:00,34.59,91.79,0.24,0.05,0.0,-57.62
2025-06-27 | 07:36:00,34.55,91.86,0.29,0.05,0.0,-55.75
2025-06-27 | 07:37:00,34.5,91.99,0.32,0.05,0.0,-58.07
2025-06-27 | 07:38:00,34.45,92.12,0.27,0.05,0.0,-57.5
2025-06-27 | 07:39:00,34.42,92.26,0.28,0.05,0.0,-59.68
2025-06-27 | 07:40:00,34.43,91.85,0.27,0.05,0.0,-60.09
2025-06-27 | 07:41:00,34.47,91.45,0.28,0.05,0.0,-58.33
2025-06-27 | 07:42:00,34.54,91.05,0.27,0.05,0.0,-55.44
2025-06-27 | 07:43:00,34.63,90.52,0.31,0.05,0.0,-59.32
2025-06-27 | 07:44:00,34.71,90.0,0.32,0.05,0.0,-57.74
2025-06-27 | 07:45:00,34.76,90.93,0.31,0.05,0.0,-58.0
2025-06-27 | 07:46:00,34.77,90.89,0.28,0.05,0.0,-56.61
2025-06-27 | 07:47:00,34.73,90.84,0.25,0.05,0.0,-58.29
2025-06-27 | 07:48:00,34.65,90.79,0.33,0.05,0.0,-58.07
2025-06-27 | 07:49:00,34.54,90.41,0.26,0.05,0.0,-56.69
2025-06-27 | 07:50:00,34.44,90.04,0.29,0.05,0.0,-59.69
2025-06-27 | 07:51:00,34.36,89.66,0.26,0.05,0.0,-58.01
2025-06-27 | 07:52:00,34.32,90.6,0.24,0.05,0.0,-57.49
2025-06-27 | 07:53:00,34.33,91.54,0.31,0.05,0.0,-56.82
2025-06-27 | 07:54:00,34.38,91.35,0.31,0.05,0.0,-56.16
2025-06-27 | 07:55:00,34.45,91.15,0.28,0.05,0.0,-58.56
2025-06-27 | 07:56:00,34.53,90.96,0.24,0.05,0.0,-55.33
2025-06-27 | 07:57:00,34.6,90.77,0.27,0.05,0.0,-59.44
2025-06-27 | 07:58:00,34.64,90.58,0.27,0.05,0.0,-56.27
2025-06-27 | 07:59:00,34.65,90.38,0.29,0.05,0.0,-59.41
2025-06-27 | 08:00:00,34.63,90.61,0.28,0.05,0.0,-55.98
2025-06-27 | 08:01:00,34.59,90.84,0.29,0.05,0.0,-59.91
2025-06-27 | 08:02:00,34.54,89.88,0.29,0.05,0.0,-55.69
2025-06-27 | 08:03:00,34.49,90.83,0.22,0.05,0.0,-60.88
2025-06-27 | 08:04:00,34.43,90.81,0.28,0.05,0.0,-54.9
2025-06-27 | 08:05:00,34.38,90.84,0.26,0.05,0.0,-56.52
2025-06-27 | 08:06:00,34.33,90.87,0.29,0.05,0.0,-57.97
2025-06-27 | 08:07:00,34.28,91.39,0.27,0.05,0.0,-56.97
2025-06-27 | 08:08:00,34.24,90.98,0.3,0.05,0.0,-57.82
2025-06-27 | 08:09:00,34.21,90.58,0.29,0.05,0.0,-57.11
2025-06-27 | 08:10:00,34.19,90.17,0.27,0.05,0.0,-57.77
2025-06-27 | 08:11:00,34.19,90.59,0.28,0.05,0.0,-55.29
2025-06-27 | 08:12:00,34.21,91.01,0.26,0.05,0.0,-58.41
2025-06-27 | 08:13:00,34.24,90.28,0.27,0.05,0.0,-57.14
2025-06-27 | 08:14:00,34.27,90.72,0.26,0.05,0.0,-56.62
2025-06-27 | 08:15:00,34.3,91.15,0.25,0.05,0.0,-59.61
2025-06-27 | 08:16:00,34.31,90.84,0.28,0.05,0.0,-57.81
2025-06-27 | 08:17:00,34.31,90.52,0.3,0.05,0.0,-57.68
2025-06-27 | 08:18:00,34.29,90.2,0.22,0.05,0.0,-58.16
2025-06-27 | 08:19:00,34.26,91.23,0.24,0.05,0.0,-57.63
2025-06-27 | 08:20:00,34.22,92.25,0.21,0.05,0.0,-57.38
2025-06-27 | 08:21:00,34.19,91.51,0.28,0.05,0.0,-56.81
2025-06-27 | 08:22:00,34.17,90.36,0.29,0.05,0.0,-56.76
2025-06-27 | 08:23:00,34.17,90.46,0.31,0.05,0.0,-60.46
2025-06-27 | 08:24:00,34.17,89.21,0.23,0.05,0.0,-58.07
2025-06-27 | 08:25:00,34.17,89.46,0.27,0.05,0.0,-57.65
2025-06-27 | 08:26:00,34.17,89.72,0.27,0.05,0.0,-56.43
2025-06-27 | 08:27:00,34.18,89.97,0.29,0.05,0.0,-58.07
2025-06-27 | 08:28:00,34.19,89.99,0.31,0.05,0.0,-56.85
2025-06-27 | 08:29:00,34.21,90.02,0.29,0.05,0.0,-55.33
2025-06-27 | 08:30:00,34.23,90.04,0.25,0.05,0.0,-55.25
2025-06-27 | 08:31:00,34.26,90.02,0.26,0.05,0.0,-59.76
2025-06-27 | 08:32:00,34.28,90.01,0.26,0.05,0.0,-57.47
2025-06-27 | 08:33:00,34.31,90.0,0.27,0.05,0.0,-60.78
2025-06-27 | 08:34:00,34.31,89.94,0.25,0.05,0.0,-56.91
2025-06-27 | 08:35:00,34.3,89.88,0.27,0.05,0.0,-58.87
2025-06-27 | 08:36:00,34.27,89.83,0.3,0.05,0.0,-56.77
2025-06-27 | 08:37:00,34.22,89.78,0.29,0.05,0.0,-57.66
2025-06-27 | 08:38:00,34.17,89.73,0.3,0.05,0.0,-59.03
2025-06-27 | 08:39:00,34.13,89.56,0.28,0.05,0.0,-60.97
2025-06-27 | 08:40:00,34.1,89.4,0.27,0.05,0.0,-57.43
2025-06-27 | 08:41:00,34.09,89.23,0.31,0.05,0.0,-60.19
2025-06-27 | 08:42:00,34.1,89.75,0.26,0.05,0.0,-56.06
2025-06-27 | 08:43:00,34.12,90.26,0.27,0.05,0.0,-56.45
2025-06-27 | 08:44:00,34.13,90.05,0.24,0.05,0.0,-56.97
2025-06-27 | 08:45:00,34.13,89.93,0.33,0.05,0.0,-58.67
2025-06-27 | 08:46:00,34.11,89.8,0.29,0.05,0.0,-56.71
2025-06-27 | 08:47:00,34.07,89.68,0.3,0.05,0.0,-55.19
2025-06-27 | 08:48:00,34.02,89.56,0.27,0.05,0.0,-55.41
2025-06-27 | 08:49:00,33.98,89.44,0.27,0.05,0.0,-58.11
2025-06-27 | 08:50:00,33.94,89.32,0.28,0.05,0.0,-57.85
2025-06-27 | 08:51:00,33.91,89.19,0.26,0.05,0.0,-57.56
2025-06-27 | 08:52:00,33.9,89.07,0.28,0.05,0.0,-58.55
2025-06-27 | 08:53:00,33.9,88.95,0.27,0.05,0.0,-57.51
2025-06-27 | 08:54:00,33.91,88.83,0.24,0.05,0.0,-58.82
2025-06-27 | 08:55:00,33.91,88.7,0.27,0.05,0.0,-57.28
2025-06-27 | 08:56:00,33.91,88.92,0.29,0.05,0.0,-56.49
2025-06-27 | 08:57:00,33.9,90.07,0.29,0.05,0.0,-58.9
2025-06-27 | 08:58:00,33.9,89.39,0.26,0.05,0.0,-56.52
2025-06-27 | 08:59:00,33.9,89.27,0.26,0.05,0.0,-57.92
2025-06-27 | 09:00:00,33.91,89.15,0.31,0.05,0.0,-56.6
2025-06-27 | 09:01:00,33.92,89.27,0.32,0.05,0.0,-56.4
2025-06-27 | 09:02:00,33.93,89.38,0.26,0.05,0.0,-59.18
2025-06-27 | 09:03:00,33.92,89.49,0.26,0.05,0.0,-57.2
2025-06-27 | 09:04:00,33.88,89.33,0.27,0.05,0.0,-59.87
2025-06-27 | 09:05:00,33.82,89.18,0.32,0.05,0.0,-58.85
2025-06-27 | 09:06:00,33.74,89.03,0.24,0.05,0.0,-57.98
2025-06-27 | 09:07:00,33.65,88.8,0.28,0.05,0.0,-58.45
2025-06-27 | 09:08:00,33.58,88.11,0.29,0.05,0.0,-58.64
2025-06-27 | 09:09:00,33.54,89.3,0.26,0.05,0.0,-58.6
2025-06-27 | 09:10:00,33.55,88.83,0.28,0.05,0.0,-55.91
2025-06-27 | 09:11:00,33.59,88.37,0.3,0.05,0.0,-57.29
2025-06-27 | 09:12:00,33.68,87.91,0.26,0.05,0.0,-56.97
2025-06-27 | 09:13:00,33.78,87.73,0.26,0.05,0.0,-55.46
2025-06-27 | 09:14:00,33.88,87.56,0.29,0.05,0.0,-60.97
2025-06-27 | 09:15:00,33.96,87.96,0.26,0.05,0.0,-55.71
2025-06-27 | 09:16:00,34.01,89.42,0.31,0.05,0.0,-55.4
2025-06-27 | 09:17:00,34.01,88.25,0.29,0.05,0.0,-56.82
2025-06-27 | 09:18:00,33.97,87.85,0.27,0.05,0.0,-59.43
2025-06-27 | 09:19:00,33.91,87.81,0.3,0.05,0.0,-55.34
2025-06-27 | 09:20:00,33.82,87.76,0.26,0.05,0.0,-57.62
2025-06-27 | 09:21:00,33.72,87.72,0.28,0.05,0.0,-59.74
2025-06-27 | 09:22:00,33.62,87.67,0.28,0.05,0.0,-57.74
2025-06-27 | 09:23:00,33.53,87.63,0.28,0.05,0.0,-57.45
2025-06-27 | 09:24:00,33.44,88.0,0.27,0.05,0.0,-58.3
2025-06-27 | 09:25:00,33.38,88.38,0.25,0.05,0.0,-57.07
2025-06-27 | 09:26:00,33.34,88.76,0.28,0.05,0.0,-57.64
2025-06-27 | 09:27:00,33.32,88.65,0.28,0.05,0.0,-58.28
2025-06-27 | 09:28:00,33.34,88.53,0.28,0.05,0.0,-61.14
2025-06-27 | 09:29:00,33.37,88.42,0.31,0.05,0.0,-58.9
2025-06-27 | 09:30:00,33.42,88.0,0.27,0.05,0.0,-56.53
2025-06-27 | 09:31:00,33.47,87.57,0.3,0.05,0.0,-57.55
2025-06-27 | 09:32:00,33.5,88.42,0.24,0.05,0.0,-56.97
2025-06-27 | 09:33:00,33.5,88.1,0.29,0.05,0.0,-57.99
2025-06-27 | 09:34:00,33.47,87.78,0.22,0.05,0.0,-56.75
2025-06-27 | 09:35:00,33.42,87.44,0.25,0.05,0.0,-56.35
2025-06-27 | 09:36:00,33.36,87.1,0.26,0.05,0.0,-58.97
2025-06-27 | 09:37:00,33.31,86.77,0.26,0.05,0.0,-57.49
2025-06-27 | 09:38:00,33.28,86.72,0.26,0.05,0.0,-57.76
2025-06-27 | 09:39:00,33.27,86.67,0.26,0.05,0.0,-56.04
2025-06-27 | 09:40:00,33.29,87.99,0.25,0.05,0.0,-59.34
2025-06-27 | 09:41:00,33.31,87.76,0.28,0.05,0.0,-60.36
2025-06-27 | 09:42:00,33.33,87.52,0.24,0.05,0.0,-57.69
2025-06-27 | 09:43:00,33.31,87.28,0.27,0.05,0.0,-56.49
2025-06-27 | 09:44:00,33.27,87.04,0.26,0.05,0.0,-59.56
2025-06-27 | 09:45:00,33.2,86.81,0.24,0.05,0.0,-57.85
2025-06-27 | 09:46:00,33.13,87.21,0.26,0.05,0.0,-57.13
2025-06-27 | 09:47:00,33.07,87.61,0.28,0.05,0.0,-60.03
2025-06-27 | 09:48:00,33.05,88.0,0.25,0.05,0.0,-58.23
2025-06-27 | 09:49:00,33.08,87.73,0.29,0.05,0.0,-57.87
2025-06-27 | 09:50:00,33.14,87.46,0.28,0.05,0.0,-58.03
2025-06-27 | 09:51:00,33.23,87.18,0.27,0.05,0.0,-58.73
2025-06-27 | 09:52:00,33.3,87.21,0.25,0.05,0.0,-55.9
2025-06-27 | 09:53:00,33.34,87.24,0.28,0.05,0.0,-57.34
2025-06-27 | 09:54:00,33.32,87.27,0.29,0.05,0.0,-57.9
2025-06-27 | 09:55:00,33.24,87.3,0.3,0.05,0.0,-58.72
2025-06-27 | 09:56:00,33.12,87.34,0.29,0.05,0.0,-56.66
2025-06-27 | 09:57:00,32.99,87.37,0.28,0.05,0.0,-60.37
2025-06-27 | 09:58:00,32.88,87.11,0.29,0.05,0.0,-57.82
2025-06-27 | 09:59:00,32.82,86.86,0.31,0.05,0.0,-55.94
2025-06-27 | 10:00:00,32.82,86.61,0.28,0.05,0.0,-57.09
2025-06-27 | 10:01:00,32.86,87.67,0.26,0.05,0.0,-58.26
2025-06-27 | 10:02:00,32.93,86.99,0.3,0.05,0.0,-58.19
2025-06-27 | 10:03:00,32.99,86.71,0.27,0.05,0.0,-58.79
2025-06-27 | 10:04:00,33.02,86.75,0.23,0.05,0.0,-60.14
2025-06-27 | 10:05:00,33.0,86.78,0.25,0.05,0.0,-54.41
2025-06-27 | 10:06:00,32.93,86.82,0.27,0.05,0.0,-60.03
2025-06-27 | 10:07:00,32.85,86.86,0.25,0.05,0.0,-58.33
2025-06-27 | 10:08:00,32.77,86.89,0.28,0.05,0.0,-53.6
2025-06-27 | 10:09:00,32.72,86.05,0.29,0.05,0.0,-58.69
2025-06-27 | 10:10:00,32.72,85.21,0.27,0.05,0.0,-59.42
2025-06-27 | 10:11:00,32.77,85.82,0.27,0.05,0.0,-58.52
2025-06-27 | 10:12:00,32.86,86.02,0.26,0.05,0.0,-58.5
2025-06-27 | 10:13:00,32.94,86.22,0.29,0.05,0.0,-55.45
2025-06-27 | 10:14:00,33.01,86.43,0.26,0.05,0.0,-58.67
2025-06-27 | 10:15:00,33.03,86.39,0.27,0.05,0.0,-56.86
2025-06-27 | 10:16:00,33.0,86.35,0.25,0.05,0.0,-58.19
2025-06-27 | 10:17:00,32.92,85.57,0.3,0.05,0.0,-59.09
2025-06-27 | 10:18:00,32.81,86.04,0.32,0.05,0.0,-56.61
2025-06-27 | 10:19:00,32.69,86.5,0.26,0.05,0.0,-56.38
2025-06-27 | 10:20:00,32.58,86.3,0.29,0.05,0.0,-56.69
2025-06-27 | 10:21:00,32.5,86.1,0.33,0.05,0.0,-59.3
2025-06-27 | 10:22:00,32.47,85.91,0.31,0.05,0.0,-57.13
2025-06-27 | 10:23:00,32.46,85.71,0.27,0.05,0.0,-56.29
2025-06-27 | 10:24:00,32.48,85.52,0.26,0.05,0.0,-60.78
2025-06-27 | 10:25:00,32.52,85.32,0.26,0.05,0.0,-55.9
2025-06-27 | 10:26:00,32.56,85.88,0.25,0.05,0.0,-54.88
2025-06-27 | 10:27:00,32.59,86.43,0.27,0.05,0.0,-56.88
2025-06-27 | 10:28:00,32.61,86.99,0.23,0.05,0.0,-56.01
2025-06-27 | 10:29:00,32.62,86.14,0.29,0.05,0.0,-57.12
2025-06-27 | 10:30:00,32.6,85.29,0.29,0.05,0.0,-58.59
2025-06-27 | 10:31:00,32.55,85.45,0.31,0.05,0.0,-58.04
2025-06-27 | 10:32:00,32.48,85.6,0.25,0.05,0.0,-56.12
2025-06-27 | 10:33:00,32.39,85.76,0.29,0.05,0.0,-58.68
2025-06-27 | 10:34:00,32.29,85.92,0.33,0.05,0.0,-56.6
2025-06-27 | 10:35:00,32.19,86.08,0.26,0.05,0.0,-56.18
2025-06-27 | 10:36:00,32.12,86.23,0.3,0.05,0.0,-57.43
2025-06-27 | 10:37:00,32.07,85.16,0.3,0.05,0.0,-57.76
2025-06-27 | 10:38:00,32.08,84.09,0.26,0.05,0.0,-56.36
2025-06-27 | 10:39:00,32.13,85.59,0.28,0.05,0.0,-57.61
2025-06-27 | 10:40:00,32.2,84.91,0.28,0.05,0.0,-57.41
2025-06-27 | 10:41:00,32.29,84.23,0.23,0.05,0.0,-56.42
2025-06-27 | 10:42:00,32.37,84.26,0.28,0.05,0.0,-57.42
2025-06-27 | 10:43:00,32.41,84.4,0.26,0.05,0.0,-56.77
2025-06-27 | 10:44:00,32.41,84.53,0.26,0.05,0.0,-55.14
2025-06-27 | 10:45:00,32.36,84.67,0.29,0.05,0.0,-58.2
2025-06-27 | 10:46:00,32.28,84.8,0.28,0.05,0.0,-55.21
2025-06-27 | 10:47:00,32.18,84.94,0.28,0.05,0.0,-58.56
2025-06-27 | 10:48:00,32.08,85.08,0.27,0.05,0.0,-56.83
2025-06-27 | 10:49:00,31.99,84.76,0.27,0.05,0.0,-58.93
2025-06-27 | 10:50:00,31.93,84.45,0.32,0.05,0.0,-57.1
2025-06-27 | 10:51:00,31.9,84.14,0.28,0.05,0.0,-55.84
2025-06-27 | 10:52:00,31.9,84.51,0.29,0.05,0.0,-59.5
2025-06-27 | 10:53:00,31.91,84.87,0.28,0.05,0.0,-59.69
2025-06-27 | 10:54:00,31.94,84.86,0.29,0.05,0.0,-59.5
2025-06-27 | 10:55:00,31.98,84.85,0.29,0.05,0.0,-57.79
2025-06-27 | 10:56:00,32.02,84.52,0.27,0.05,0.0,-57.66
2025-06-27 | 10:57:00,32.07,84.37,0.28,0.05,0.0,-56.31
2025-06-27 | 10:58:00,32.12,84.21,0.28,0.05,0.0,-58.11
2025-06-27 | 10:59:00,32.16,84.05,0.25,0.05,0.0,-54.86
2025-06-27 | 11:00:00,32.18,84.36,0.26,0.05,0.0,-54.95
2025-06-27 | 11:01:00,32.18,84.67,0.29,0.05,0.0,-57.62
2025-06-27 | 11:02:00,32.15,84.98,0.28,0.05,0.0,-56.73
2025-06-27 | 11:03:00,32.09,83.86,0.27,0.05,0.0,-56.1
2025-06-27 | 11:04:00,32.01,83.87,0.29,0.05,0.0,-57.15
2025-06-27 | 11:05:00,31.94,84.1,0.29,0.05,0.0,-58.4
2025-06-27 | 11:06:00,31.87,84.33,0.27,0.05,0.0,-58.27
2025-06-27 | 11:07:00,31.84,84.56,0.3,0.05,0.0,-56.93
2025-06-27 | 11:08:00,31.84,84.01,0.31,0.05,0.0,-56.96
2025-06-27 | 11:09:00,31.86,83.45,0.27,0.05,0.0,-56.01
2025-06-27 | 11:10:00,31.9,82.89,0.3,0.05,0.0,-60.4
2025-06-27 | 11:11:00,31.93,83.4,0.27,0.05,0.0,-57.61
2025-06-27 | 11:12:00,31.94,83.9,0.28,0.05,0.0,-57.52
2025-06-27 | 11:13:00,31.92,84.41,0.28,0.05,0.0,-56.57
2025-06-27 | 11:14:00,31.87,84.02,0.29,0.05,0.0,-58.38
2025-06-27 | 11:15:00,31.8,83.63,0.25,0.05,0.0,-58.92
2025-06-27 | 11:16:00,31.74,83.4,0.24,0.05,0.0,-56.24
2025-06-27 | 11:17:00,31.69,83.16,0.28,0.05,0.0,-57.59
2025-06-27 | 11:18:00,31.65,82.93,0.25,0.05,0.0,-60.47
2025-06-27 | 11:19:00,31.65,83.1,0.28,0.05,0.0,-57.47
2025-06-27 | 11:20:00,31.65,83.28,0.3,0.05,0.0,-58.6
2025-06-27 | 11:21:00,31.65,83.45,0.26,0.05,0.0,-58.08
2025-06-27 | 11:22:00,31.64,83.0,0.26,0.05,0.0,-56.59
2025-06-27 | 11:23:00,31.61,82.55,0.25,0.05,0.0,-55.68
2025-06-27 | 11:24:00,31.54,82.4,0.26,0.05,0.0,-56.39
2025-06-27 | 11:25:00,31.47,82.74,0.25,0.05,0.0,-56.73
2025-06-27 | 11:26:00,31.39,83.09,0.29,0.05,0.0,-56.33
2025-06-27 | 11:27:00,31.32,83.43,0.27,0.05,0.0,-58.79
2025-06-27 | 11:28:00,31.29,83.28,0.26,0.05,0.0,-55.74
2025-06-27 | 11:29:00,31.28,83.12,0.27,0.05,0.0,-57.95
2025-06-27 | 11:30:00,31.3,82.97,0.31,0.05,0.0,-55.66
2025-06-27 | 11:31:00,31.34,84.08,0.25,0.05,0.0,-55.28
2025-06-27 | 11:32:00,31.37,83.5,0.24,0.05,0.0,-56.74
2025-06-27 | 11:33:00,31.4,81.98,0.3,0.05,0.0,-57.7
2025-06-27 | 11:34:00,31.4,82.18,0.27,0.05,0.0,-53.78
2025-06-27 | 11:35:00,31.39,82.39,0.26,0.05,0.0,-56.58
2025-06-27 | 11:36:00,31.35,82.59,0.28,0.05,0.0,-57.49
2025-06-27 | 11:37:00,31.31,82.79,0.27,0.05,0.0,-60.03
2025-06-27 | 11:38:00,31.25,82.99,0.28,0.05,0.0,-60.16
2025-06-27 | 11:39:00,31.2,82.73,0.25,0.05,0.0,-58.5
2025-06-27 | 11:40:00,31.15,82.47,0.29,0.05,0.0,-59.33
2025-06-27 | 11:41:00,31.1,82.21,0.29,0.05,0.0,-56.62
2025-06-27 | 11:42:00,31.06,82.21,0.27,0.05,0.0,-59.25
2025-06-27 | 11:43:00,31.03,82.21,0.27,0.05,0.0,-56.88
2025-06-27 | 11:44:00,31.02,82.21,0.29,0.05,0.0,-55.83
2025-06-27 | 11:45:00,31.04,82.31,0.29,0.05,0.0,-55.56
2025-06-27 | 11:46:00,31.08,82.41,0.27,0.05,0.0,-55.88
2025-06-27 | 11:47:00,31.14,83.21,0.27,0.05,0.0,-59.38
2025-06-27 | 11:48:00,31.21,82.35,0.29,0.05,0.0,-58.68
2025-06-27 | 11:49:00,31.26,81.48,0.31,0.05,0.0,-58.21
2025-06-27 | 11:50:00,31.3,81.43,0.28,0.05,0.0,-58.84
2025-06-27 | 11:51:00,31.28,81.38,0.27,0.05,0.0,-57.55
2025-06-27 | 11:52:00,31.23,81.32,0.27,0.05,0.0,-55.44
2025-06-27 | 11:53:00,31.13,81.34,0.25,0.05,0.0,-57.0
2025-06-27 | 11:54:00,31.02,81.36,0.24,0.05,0.0,-59.05
2025-06-27 | 11:55:00,30.91,81.38,0.23,0.05,0.0,-58.97
2025-06-27 | 11:56:00,30.82,81.54,0.29,0.05,0.0,-57.65
2025-06-27 | 11:57:00,30.78,81.7,0.27,0.05,0.0,-59.82
2025-06-27 | 11:58:00,30.79,81.86,0.28,0.05,0.0,-59.23
2025-06-27 | 11:59:00,30.83,82.02,0.26,0.05,0.0,-57.21
2025-06-27 | 12:00:00,30.89,82.18,0.31,0.05,0.0,-56.89
2025-06-27 | 12:01:00,30.95,81.58,0.26,0.05,0.0,-58.58
2025-06-27 | 12:02:00,30.98,80.97,0.28,0.05,0.0,-58.21
2025-06-27 | 12:03:00,30.97,81.79,0.25,0.05,0.0,-57.12
2025-06-27 | 12:04:00,30.92,81.3,0.27,0.05,0.0,-55.75
2025-06-27 | 12:05:00,30.85,80.81,0.31,0.05,0.0,-58.03
2025-06-27 | 12:06:00,30.77,80.33,0.29,0.05,0.0,-57.44
2025-06-27 | 12:07:00,30.71,80.71,0.26,0.05,0.0,-56.24
2025-06-27 | 12:08:00,30.68,81.1,0.29,0.05,0.0,-57.0
2025-06-27 | 12:09:00,30.67,81.49,0.25,0.05,0.0,-58.72
2025-06-27 | 12:10:00,30.69,81.05,0.26,0.05,0.0,-57.18
2025-06-27 | 12:11:00,30.71,80.62,0.27,0.05,0.0,-56.98
2025-06-27 | 12:12:00,30.72,80.18,0.27,0.05,0.0,-56.94
2025-06-27 | 12:13:00,30.69,80.15,0.31,0.05,0.0,-58.07
2025-06-27 | 12:14:00,30.64,80.13,0.31,0.05,0.0,-59.14
2025-06-27 | 12:15:00,30.56,80.1,0.32,0.05,0.0,-55.62
2025-06-27 | 12:16:00,30.47,80.78,0.29,0.05,0.0,-56.45
2025-06-27 | 12:17:00,30.39,81.46,0.27,0.05,0.0,-58.12
2025-06-27 | 12:18:00,30.34,79.98,0.29,0.05,0.0,-54.48
2025-06-27 | 12:19:00,30.32,80.17,0.27,0.05,0.0,-56.55
2025-06-27 | 12:20:00,30.35,80.35,0.29,0.05,0.0,-55.66
2025-06-27 | 12:21:00,30.4,80.53,0.24,0.05,0.0,-58.96
2025-06-27 | 12:22:00,30.47,80.52,0.28,0.05,0.0,-55.34
2025-06-27 | 12:23:00,30.54,80.52,0.28,0.05,0.0,-59.21
2025-06-27 | 12:24:00,30.6,80.37,0.3,0.05,0.0,-58.49
2025-06-27 | 12:25:00,30.63,80.22,0.3,0.05,0.0,-59.92
2025-06-27 | 12:26:00,30.64,80.06,0.3,0.05,0.0,-57.82
2025-06-27 | 12:27:00,30.64,79.91,0.26,0.05,0.0,-56.7
2025-06-27 | 12:28:00,30.61,79.76,0.28,0.05,0.0,-58.3
2025-06-27 | 12:29:00,30.58,79.61,0.26,0.05,0.0,-56.2
2025-06-27 | 12:30:00,30.54,79.45,0.27,0.05,0.0,-56.51
2025-06-27 | 12:31:00,30.5,79.3,0.29,0.05,0.0,-60.05
2025-06-27 | 12:32:00,30.46,79.14,0.26,0.05,0.0,-57.85
2025-06-27 | 12:33:00,30.41,79.77,0.27,0.05,0.0,-58.93
2025-06-27 | 12:34:00,30.36,80.39,0.28,0.05,0.0,-55.95
2025-06-27 | 12:35:00,30.31,79.44,0.26,0.05,0.0,-58.54
2025-06-27 | 12:36:00,30.26,78.49,0.26,0.05,0.0,-58.15
2025-06-27 | 12:37:00,30.21,79.97,0.29,0.05,0.0,-57.71
2025-06-27 | 12:38:00,30.16,79.5,0.31,0.05,0.0,-58.86
2025-06-27 | 12:39:00,30.13,79.04,0.25,0.05,0.0,-54.89
2025-06-27 | 12:40:00,30.09,79.08,0.27,0.05,0.0,-59.78
2025-06-27 | 12:41:00,30.06,78.95,0.25,0.05,0.0,-58.2
2025-06-27 | 12:42:00,30.03,78.82,0.31,0.05,0.0,-53.9
2025-06-27 | 12:43:00,30.0,78.68,0.25,0.05,0.0,-57.4
2025-06-27 | 12:44:00,29.97,78.55,0.28,0.05,0.0,-59.21
2025-06-27 | 12:45:00,29.95,78.42,0.27,0.05,0.0,-58.17
2025-06-27 | 12:46:00,29.95,78.53,0.32,0.05,0.0,-58.62
2025-06-27 | 12:47:00,29.97,78.64,0.27,0.05,0.0,-57.62
2025-06-27 | 12:48:00,30.01,78.75,0.25,0.05,0.0,-57.6
2025-06-27 | 12:49:00,30.06,78.86,0.31,0.05,0.0,-59.21
2025-06-27 | 12:50:00,30.11,78.97,0.29,0.05,0.0,-55.93
2025-06-27 | 12:51:00,30.14,79.08,0.26,0.05,0.0,-56.99
2025-06-27 | 12:52:00,30.14,78.34,0.28,0.05,0.0,-54.21
2025-06-27 | 12:53:00,30.11,77.6,0.24,0.05,0.0,-58.69
2025-06-27 | 12:54:00,30.05,77.5,0.24,0.05,0.0,-56.82
2025-06-27 | 12:55:00,29.95,77.9,0.25,0.05,0.0,-57.89
2025-06-27 | 12:56:00,29.86,78.3,0.31,0.05,0.0,-56.95
2025-06-27 | 12:57:00,29.77,78.71,0.31,0.05,0.0,-58.38
2025-06-27 | 12:58:00,29.71,78.35,0.25,0.05,0.0,-56.2
2025-06-27 | 12:59:00,29.69,78.0,0.29,0.05,0.0,-55.89
2025-06-27 | 13:00:00,29.7,77.65,0.26,0.05,0.0,-56.31
2025-06-27 | 13:01:00,29.74,77.72,0.31,0.05,0.0,-56.61
2025-06-27 | 13:02:00,29.78,77.8,0.29,0.05,0.0,-56.69
2025-06-27 | 13:03:00,29.82,77.88,0.25,0.05,0.0,-57.16
2025-06-27 | 13:04:00,29.83,77.41,0.24,0.05,0.0,-57.89
2025-06-27 | 13:05:00,29.82,76.94,0.28,0.05,0.0,-55.68
2025-06-27 | 13:06:00,29.78,78.01,0.27,0.05,0.0,-55.66
2025-06-27 | 13:07:00,29.73,77.91,0.26,0.05,0.0,-59.11
2025-06-27 | 13:08:00,29.68,77.81,0.3,0.05,0.0,-57.75
2025-06-27 | 13:09:00,29.65,77.72,0.31,0.05,0.0,-55.98
2025-06-27 | 13:10:00,29.65,77.63,0.26,0.05,0.0,-57.83
2025-06-27 | 13:11:00,29.65,77.54,0.26,0.05,0.0,-56.56
2025-06-27 | 13:12:00,29.67,77.45,0.26,0.05,0.0,-60.42
2025-06-27 | 13:13:00,29.68,77.37,0.3,0.05,0.0,-59.26
2025-06-27 | 13:14:00,29.67,77.28,0.28,0.05,0.0,-56.92
2025-06-27 | 13:15:00,29.63,77.41,0.29,0.05,0.0,-59.84
2025-06-27 | 13:16:00,29.56,77.55,0.27,0.05,0.0,-57.38
2025-06-27 | 13:17:00,29.48,77.69,0.26,0.05,0.0,-55.65
2025-06-27 | 13:18:00,29.4,77.35,0.26,0.05,0.0,-57.27
2025-06-27 | 13:19:00,29.33,77.0,0.26,0.05,0.0,-56.69
2025-06-27 | 13:20:00,29.29,77.15,0.28,0.05,0.0,-56.83
2025-06-27 | 13:21:00,29.27,77.31,0.29,0.05,0.0,-57.24
2025-06-27 | 13:22:00,29.28,77.46,0.31,0.05,0.0,-57.92
2025-06-27 | 13:23:00,29.28,77.29,0.32,0.05,0.0,-58.81
2025-06-27 | 13:24:00,29.28,77.13,0.28,0.05,0.0,-56.77
2025-06-27 | 13:25:00,29.27,76.96,0.28,0.05,0.0,-55.67
2025-06-27 | 13:26:00,29.25,76.91,0.29,0.05,0.0,-56.51
2025-06-27 | 13:27:00,29.22,76.87,0.26,0.05,0.0,-57.04
2025-06-27 | 13:28:00,29.2,76.82,0.26,0.05,0.0,-59.37
2025-06-27 | 13:29:00,29.19,76.77,0.28,0.05,0.0,-57.07
2025-06-27 | 13:30:00,29.21,76.73,0.24,0.05,0.0,-57.83
2025-06-27 | 13:31:00,29.25,76.65,0.28,0.05,0.0,-57.4
2025-06-27 | 13:32:00,29.3,76.58,0.3,0.05,0.0,-59.8
2025-06-27 | 13:33:00,29.34,76.5,0.26,0.05,0.0,-56.05
2025-06-27 | 13:34:00,29.35,76.43,0.26,0.05,0.0,-57.19
2025-06-27 | 13:35:00,29.33,76.35,0.27,0.05,0.0,-58.24
2025-06-27 | 13:36:00,29.27,76.28,0.26,0.05,0.0,-57.31
2025-06-27 | 13:37:00,29.19,76.19,0.27,0.05,0.0,-57.57
2025-06-27 | 13:38:00,29.11,76.11,0.29,0.05,0.0,-54.25
2025-06-27 | 13:39:00,29.05,76.03,0.3,0.05,0.0,-57.63
2025-06-27 | 13:40:00,29.02,75.91,0.28,0.05,0.0,-58.18
2025-06-27 | 13:41:00,29.03,75.79,0.28,0.05,0.0,-58.4
2025-06-27 | 13:42:00,29.08,75.67,0.23,0.05,0.0,-59.19
2025-06-27 | 13:43:00,29.14,76.06,0.27,0.05,0.0,-59.96
2025-06-27 | 13:44:00,29.19,76.45,0.27,0.05,0.0,-59.26
2025-06-27 | 13:45:00,29.22,76.84,0.31,0.05,0.0,-58.71
2025-06-27 | 13:46:00,29.21,76.38,0.27,0.05,0.0,-59.52
2025-06-27 | 13:47:00,29.16,75.91,0.28,0.05,0.0,-57.43
2025-06-27 | 13:48:00,29.08,75.44,0.27,0.05,0.0,-59.62
2025-06-27 | 13:49:00,29.01,75.43,0.32,0.05,0.0,-56.98
2025-06-27 | 13:50:00,28.94,75.41,0.3,0.05,0.0,-58.19
2025-06-27 | 13:51:00,28.9,75.4,0.28,0.05,0.0,-58.55
2025-06-27 | 13:52:00,28.9,75.58,0.34,0.05,0.0,-61.18
2025-06-27 | 13:53:00,28.92,75.75,0.26,0.05,0.0,-56.28
2025-06-27 | 13:54:00,28.96,75.6,0.28,0.05,0.0,-59.15
2025-06-27 | 13:55:00,28.99,75.45,0.3,0.05,0.0,-57.91
2025-06-27 | 13:56:00,29.01,75.29,0.28,0.05,0.0,-57.53
2025-06-27 | 13:57:00,29.01,75.14,0.29,0.05,0.0,-59.61
2025-06-27 | 13:58:00,29.0,74.99,0.28,0.05,0.0,-56.96
2025-06-27 | 13:59:00,28.98,74.83,0.28,0.05,0.0,-54.69
2025-06-27 | 14:00:00,28.97,75.13,0.29,0.05,0.0,-57.81
2025-06-27 | 14:01:00,28.97,75.42,0.29,0.05,0.0,-54.55
2025-06-27 | 14:02:00,28.98,75.72,0.27,0.05,0.0,-57.55
2025-06-27 | 14:03:00,29.0,75.77,0.27,0.05,0.0,-59.2
2025-06-27 | 14:04:00,29.01,75.82,0.29,0.05,0.0,-58.03
2025-06-27 | 14:05:00,29.0,75.83,0.28,0.05,0.0,-57.97
2025-06-27 | 14:06:00,28.96,75.84,0.24,0.05,0.0,-57.48
2025-06-27 | 14:07:00,28.89,75.85,0.3,0.05,0.0,-58.18
2025-06-27 | 14:08:00,28.8,75.43,0.31,0.05,0.0,-57.52
2025-06-27 | 14:09:00,28.72,75.01,0.28,0.05,0.0,-57.07
2025-06-27 | 14:10:00,28.64,74.59,0.25,0.05,0.0,-58.09
2025-06-27 | 14:11:00,28.6,74.74,0.26,0.05,0.0,-57.25
2025-06-27 | 14:12:00,28.58,74.89,0.27,0.05,0.0,-56.77
2025-06-27 | 14:13:00,28.6,75.04,0.27,0.05,0.0,-58.44
2025-06-27 | 14:14:00,28.64,75.19,0.29,0.05,0.0,-56.34
2025-06-27 | 14:15:00,28.68,75.34,0.29,0.05,0.0,-55.17
2025-06-27 | 14:16:00,28.71,75.19,0.27,0.05,0.0,-56.13
2025-06-27 | 14:17:00,28.71,75.04,0.28,0.05,0.0,-59.74
2025-06-27 | 14:18:00,28.68,74.88,0.27,0.05,0.0,-58.51
2025-06-27 | 14:19:00,28.62,74.73,0.27,0.05,0.0,-58.06
2025-06-27 | 14:20:00,28.55,74.57,0.28,0.05,0.0,-59.2
2025-06-27 | 14:21:00,28.48,74.42,0.28,0.05,0.0,-56.99
2025-06-27 | 14:22:00,28.43,74.49,0.24,0.05,0.0,-56.59
2025-06-27 | 14:23:00,28.41,74.55,0.28,0.05,0.0,-56.71
2025-06-27 | 14:24:00,28.43,74.62,0.32,0.05,0.0,-58.67
2025-06-27 | 14:25:00,28.49,74.45,0.27,0.05,0.0,-58.17
2025-06-27 | 14:26:00,28.57,74.28,0.28,0.05,0.0,-58.41
2025-06-27 | 14:27:00,28.66,74.11,0.27,0.05,0.0,-55.3
2025-06-27 | 14:28:00,28.73,74.19,0.23,0.05,0.0,-58.16
2025-06-27 | 14:29:00,28.77,74.26,0.3,0.05,0.0,-58.53
2025-06-27 | 14:30:00,28.75,74.34,0.28,0.05,0.0,-58.16
2025-06-27 | 14:31:00,28.69,74.41,0.26,0.05,0.0,-56.55
2025-06-27 | 14:32:00,28.57,74.49,0.28,0.05,0.0,-58.47
2025-06-27 | 14:33:00,28.42,74.56,0.25,0.05,0.0,-57.07
2025-06-27 | 14:34:00,28.25,74.41,0.26,0.05,0.0,-57.31
2025-06-27 | 14:35:00,28.09,74.25,0.26,0.05,0.0,-56.8
2025-06-27 | 14:36:00,27.96,74.1,0.28,0.05,0.0,-56.09
2025-06-27 | 14:37:00,27.88,73.94,0.29,0.05,0.0,-56.81
2025-06-27 | 14:38:00,27.86,73.79,0.29,0.05,0.0,-59.69
2025-06-27 | 14:39:00,27.88,73.66,0.27,0.05,0.0,-58.92
2025-06-27 | 14:40:00,27.95,73.53,0.27,0.05,0.0,-57.84
2025-06-27 | 14:41:00,28.04,74.57,0.28,0.05,0.0,-58.76
2025-06-27 | 14:42:00,28.14,74.24,0.29,0.05,0.0,-59.14
2025-06-27 | 14:43:00,28.21,73.91,0.3,0.05,0.0,-58.82
2025-06-27 | 14:44:00,28.26,73.57,0.31,0.05,0.0,-56.98
2025-06-27 | 14:45:00,28.28,73.53,0.24,0.05,0.0,-58.77
2025-06-27 | 14:46:00,28.27,73.48,0.26,0.05,0.0,-58.65
2025-06-27 | 14:47:00,28.24,73.44,0.3,0.05,0.0,-57.44
2025-06-27 | 14:48:00,28.2,73.39,0.29,0.05,0.0,-58.07
2025-06-27 | 14:49:00,28.16,73.34,0.29,0.05,0.0,-56.25
2025-06-27 | 14:50:00,28.12,73.47,0.27,0.05,0.0,-57.03
2025-06-27 | 14:51:00,28.09,73.6,0.28,0.05,0.0,-57.53
2025-06-27 | 14:52:00,28.07,73.73,0.28,0.05,0.0,-59.33
2025-06-27 | 14:53:00,28.06,73.7,0.29,0.05,0.0,-57.63
2025-06-27 | 14:54:00,28.05,73.67,0.27,0.05,0.0,-55.45
2025-06-27 | 14:55:00,28.05,73.64,0.29,0.05,0.0,-55.08
2025-06-27 | 14:56:00,28.05,73.64,0.27,0.05,0.0,-56.0
2025-06-27 | 14:57:00,28.06,73.63,0.27,0.05,0.0,-59.2
2025-06-27 | 14:58:00,28.07,73.63,0.26,0.05,0.0,-57.7
2025-06-27 | 14:59:00,28.09,73.63,0.25,0.05,0.0,-58.4
2025-06-27 | 15:00:00,28.1,73.63,0.26,0.05,0.0,-56.55
2025-06-27 | 15:01:00,28.09,73.62,0.3,0.05,0.0,-57.28
2025-06-27 | 15:02:00,28.07,73.61,0.25,0.05,0.0,-58.9
2025-06-27 | 15:03:00,28.03,73.61,0.3,0.05,0.0,-57.99
2025-06-27 | 15:04:00,27.98,73.6,0.3,0.05,0.0,-58.35
2025-06-27 | 15:05:00,27.92,73.59,0.32,0.05,0.0,-58.0
2025-06-27 | 15:06:00,27.86,73.59,0.24,0.05,0.0,-57.53
2025-06-27 | 15:07:00,27.8,73.4,0.29,0.05,0.0,-56.98
2025-06-27 | 15:08:00,27.76,73.22,0.3,0.05,0.0,-57.55
2025-06-27 | 15:09:00,27.74,73.04,0.27,0.05,0.0,-55.76
2025-06-27 | 15:10:00,27.72,73.13,0.28,0.05,0.0,-60.01
2025-06-27 | 15:11:00,27.7,73.22,0.28,0.05,0.0,-59.61
2025-06-27 | 15:12:00,27.68,73.3,0.27,0.05,0.0,-56.8
2025-06-27 | 15:13:00,27.66,73.1,0.31,0.05,0.0,-55.91
2025-06-27 | 15:14:00,27.64,72.9,0.32,0.05,0.0,-54.2
2025-06-27 | 15:15:00,27.64,72.69,0.25,0.05,0.0,-56.71
2025-06-27 | 15:16:00,27.65,72.83,0.28,0.05,0.0,-58.16
2025-06-27 | 15:17:00,27.68,72.96,0.26,0.05,0.0,-56.67
2025-06-27 | 15:18:00,27.72,73.09,0.24,0.05,0.0,-57.17
2025-06-27 | 15:19:00,27.78,73.01,0.28,0.05,0.0,-55.12
2025-06-27 | 15:20:00,27.83,72.93,0.23,0.05,0.0,-60.8
2025-06-27 | 15:21:00,27.85,72.16,0.25,0.05,0.0,-59.11
2025-06-27 | 15:22:00,27.85,72.08,0.32,0.05,0.0,-57.6
2025-06-27 | 15:23:00,27.81,71.99,0.3,0.05,0.0,-55.59
2025-06-27 | 15:24:00,27.74,72.4,0.25,0.05,0.0,-58.02
2025-06-27 | 15:25:00,27.65,72.8,0.3,0.05,0.0,-58.04
2025-06-27 | 15:26:00,27.56,71.92,0.3,0.05,0.0,-57.29
2025-06-27 | 15:27:00,27.5,72.25,0.28,0.05,0.0,-58.39
2025-06-27 | 15:28:00,27.47,72.57,0.27,0.05,0.0,-57.86
2025-06-27 | 15:29:00,27.48,72.9,0.3,0.05,0.0,-57.75
2025-06-27 | 15:30:00,27.52,72.51,0.27,0.05,0.0,-59.47
2025-06-27 | 15:31:00,27.58,72.12,0.27,0.05,0.0,-58.67
2025-06-27 | 15:32:00,27.64,71.73,0.27,0.05,0.0,-58.7
2025-06-27 | 15:33:00,27.68,72.15,0.26,0.05,0.0,-58.22
2025-06-27 | 15:34:00,27.7,72.56,0.29,0.05,0.0,-57.58
2025-06-27 | 15:35:00,27.7,72.82,0.27,0.05,0.0,-56.15
2025-06-27 | 15:36:00,27.67,73.08,0.26,0.05,0.0,-56.57
2025-06-27 | 15:37:00,27.62,72.36,0.23,0.05,0.0,-59.54
2025-06-27 | 15:38:00,27.58,72.07,0.3,0.05,0.0,-56.72
2025-06-27 | 15:39:00,27.53,71.78,0.3,0.05,0.0,-57.74
2025-06-27 | 15:40:00,27.49,71.48,0.27,0.05,0.0,-56.95
2025-06-27 | 15:41:00,27.46,71.7,0.32,0.05,0.0,-56.65
2025-06-27 | 15:42:00,27.43,71.91,0.28,0.05,0.0,-60.13
2025-06-27 | 15:43:00,27.41,72.12,0.25,0.05,0.0,-58.52
2025-06-27 | 15:44:00,27.4,71.96,0.26,0.05,0.0,-58.06
2025-06-27 | 15:45:00,27.4,71.79,0.26,0.05,0.0,-56.77
2025-06-27 | 15:46:00,27.41,71.77,0.31,0.05,0.0,-58.43
2025-06-27 | 15:47:00,27.42,71.75,0.28,0.05,0.0,-58.83
2025-06-27 | 15:48:00,27.45,71.73,0.26,0.05,0.0,-58.25
2025-06-27 | 15:49:00,27.47,71.72,0.25,0.05,0.0,-54.86
2025-06-27 | 15:50:00,27.48,71.7,0.27,0.05,0.0,-54.83
2025-06-27 | 15:51:00,27.47,71.68,0.31,0.05,0.0,-55.78
2025-06-27 | 15:52:00,27.45,71.81,0.27,0.05,0.0,-59.56
2025-06-27 | 15:53:00,27.41,71.95,0.27,0.05,0.0,-56.29
2025-06-27 | 15:54:00,27.36,72.09,0.33,0.05,0.0,-57.44
2025-06-27 | 15:55:00,27.31,72.22,0.3,0.05,0.0,-57.5
2025-06-27 | 15:56:00,27.28,72.36,0.27,0.05,0.0,-59.47
2025-06-27 | 15:57:00,27.27,72.5,0.28,0.05,0.0,-59.91
2025-06-27 | 15:58:00,27.28,72.29,0.27,0.05,0.0,-57.48
2025-06-27 | 15:59:00,27.32,72.09,0.29,0.05,0.0,-57.46
2025-06-27 | 16:00:00,27.37,71.88,0.28,0.05,0.0,-56.98
2025-06-27 | 16:01:00,27.41,71.99,0.29,0.05,0.0,-57.8
2025-06-27 | 16:02:00,27.43,72.09,0.28,0.05,0.0,-56.73
2025-06-27 | 16:03:00,27.43,71.2,0.29,0.05,0.0,-55.53
2025-06-27 | 16:04:00,27.4,71.16,0.23,0.05,0.0,-55.9
2025-06-27 | 16:05:00,27.36,71.12,0.26,0.05,0.0,-57.64
2025-06-27 | 16:06:00,27.32,71.08,0.31,0.05,0.0,-58.16
2025-06-27 | 16:07:00,27.29,71.08,0.27,0.05,0.0,-57.52
2025-06-27 | 16:08:00,27.27,71.08,0.32,0.05,0.0,-59.2
2025-06-27 | 16:09:00,27.27,71.21,0.29,0.05,0.0,-57.85
2025-06-27 | 16:10:00,27.29,71.33,0.28,0.05,0.0,-56.33
2025-06-27 | 16:11:00,27.3,71.45,0.3,0.05,0.0,-59.4
2025-06-27 | 16:12:00,27.3,71.58,0.32,0.05,0.0,-57.07
2025-06-27 | 16:13:00,27.29,71.7,0.27,0.05,0.0,-58.16
2025-06-27 | 16:14:00,27.26,71.83,0.26,0.05,0.0,-54.55
2025-06-27 | 16:15:00,27.21,71.62,0.26,0.05,0.0,-57.54
2025-06-27 | 16:16:00,27.17,71.42,0.28,0.05,0.0,-58.44
2025-06-27 | 16:17:00,27.14,71.21,0.28,0.05,0.0,-59.83
2025-06-27 | 16:18:00,27.12,71.99,0.27,0.05,0.0,-59.76
2025-06-27 | 16:19:00,27.13,72.78,0.28,0.05,0.0,-58.35
2025-06-27 | 16:20:00,27.16,71.98,0.27,0.05,0.0,-56.22
2025-06-27 | 16:21:00,27.18,71.19,0.28,0.05,0.0,-57.76
2025-06-27 | 16:22:00,27.2,70.4,0.24,0.05,0.0,-57.67
2025-06-27 | 16:23:00,27.21,70.83,0.23,0.05,0.0,-55.18
2025-06-27 | 16:24:00,27.19,71.27,0.26,0.05,0.0,-58.12
2025-06-27 | 16:25:00,27.15,71.7,0.28,0.05,0.0,-55.6
2025-06-27 | 16:26:00,27.1,71.49,0.29,0.05,0.0,-56.77
2025-06-27 | 16:27:00,27.05,71.28,0.28,0.05,0.0,-56.54
2025-06-27 | 16:28:00,27.02,71.07,0.25,0.05,0.0,-58.63
2025-06-27 | 16:29:00,27.02,71.21,0.28,0.05,0.0,-60.56
2025-06-27 | 16:30:00,27.04,71.34,0.28,0.05,0.0,-59.43
2025-06-27 | 16:31:00,27.08,71.26,0.29,0.05,0.0,-55.31
2025-06-27 | 16:32:00,27.11,71.17,0.27,0.05,0.0,-56.32
2025-06-27 | 16:33:00,27.14,71.08,0.29,0.05,0.0,-58.24
2025-06-27 | 16:34:00,27.15,70.99,0.29,0.05,0.0,-56.56
2025-06-27 | 16:35:00,27.14,70.9,0.25,0.05,0.0,-57.63
2025-06-27 | 16:36:00,27.1,70.82,0.28,0.05,0.0,-58.15
2025-06-27 | 16:37:00,27.06,70.93,0.25,0.05,0.0,-58.53
2025-06-27 | 16:38:00,27.02,71.05,0.28,0.05,0.0,-58.4
2025-06-27 | 16:39:00,26.99,71.17,0.29,0.05,0.0,-56.84
2025-06-27 | 16:40:00,26.98,71.29,0.3,0.05,0.0,-55.29
2025-06-27 | 16:41:00,26.98,71.41,0.28,0.05,0.0,-57.09
2025-06-27 | 16:42:00,26.99,71.52,0.26,0.05,0.0,-54.91
2025-06-27 | 16:43:00,26.99,71.45,0.25,0.05,0.0,-58.05
2025-06-27 | 16:44:00,26.98,71.38,0.29,0.05,0.0,-55.95
2025-06-27 | 16:45:00,26.95,71.01,0.28,0.05,0.0,-59.04
2025-06-27 | 16:46:00,26.9,70.52,0.29,0.05,0.0,-59.13
2025-06-27 | 16:47:00,26.85,70.03,0.28,0.05,0.0,-57.35
2025-06-27 | 16:48:00,26.79,70.83,0.3,0.05,0.0,-58.84
2025-06-27 | 16:49:00,26.76,70.85,0.26,0.05,0.0,-57.8
2025-06-27 | 16:50:00,26.75,70.87,0.26,0.05,0.0,-55.11
2025-06-27 | 16:51:00,26.77,70.89,0.31,0.05,0.0,-57.85
2025-06-27 | 16:52:00,26.81,70.5,0.27,0.05,0.0,-58.84
2025-06-27 | 16:53:00,26.86,70.11,0.3,0.05,0.0,-56.84
2025-06-27 | 16:54:00,26.9,70.43,0.27,0.05,0.0,-55.16
2025-06-27 | 16:55:00,26.94,70.74,0.29,0.05,0.0,-58.84
2025-06-27 | 16:56:00,26.95,71.06,0.26,0.05,0.0,-54.71
2025-06-27 | 16:57:00,26.96,70.62,0.31,0.05,0.0,-55.88
2025-06-27 | 16:58:00,26.95,70.19,0.32,0.05,0.0,-58.06
2025-06-27 | 16:59:00,26.95,69.76,0.28,0.05,0.0,-57.36
2025-06-27 | 17:00:00,26.96,70.16,0.29,0.05,0.0,-56.97
2025-06-27 | 17:01:00,26.97,70.56,0.26,0.05,0.0,-59.01
2025-06-27 | 17:02:00,27.0,70.97,0.27,0.05,0.0,-58.55
2025-06-27 | 17:03:00,27.02,70.88,0.3,0.05,0.0,-56.75
2025-06-27 | 17:04:00,27.02,70.8,0.28,0.05,0.0,-58.91
2025-06-27 | 17:05:00,27.0,71.07,0.31,0.05,0.0,-62.15
2025-06-27 | 17:06:00,26.95,71.33,0.3,0.05,0.0,-58.45
2025-06-27 | 17:07:00,26.87,71.59,0.32,0.05,0.0,-55.9
2025-06-27 | 17:08:00,26.79,71.46,0.31,0.05,0.0,-60.46
2025-06-27 | 17:09:00,26.71,71.33,0.31,0.05,0.0,-58.25
2025-06-27 | 17:10:00,26.66,71.2,0.27,0.05,0.0,-56.38
2025-06-27 | 17:11:00,26.64,70.97,0.26,0.05,0.0,-56.04
2025-06-27 | 17:12:00,26.66,70.74,0.29,0.05,0.0,-55.94
2025-06-27 | 17:13:00,26.7,70.51,0.31,0.05,0.0,-57.91
2025-06-27 | 17:14:00,26.76,70.83,0.24,0.05,0.0,-57.88
2025-06-27 | 17:15:00,26.82,71.16,0.31,0.05,0.0,-60.68
2025-06-27 | 17:16:00,26.86,71.19,0.32,0.05,0.0,-59.59
2025-06-27 | 17:17:00,26.88,71.23,0.26,0.05,0.0,-57.69
2025-06-27 | 17:18:00,26.87,69.91,0.26,0.05,0.0,-58.01
2025-06-27 | 17:19:00,26.85,70.03,0.28,0.05,0.0,-56.45
2025-06-27 | 17:20:00,26.82,70.16,0.3,0.05,0.0,-56.05
2025-06-27 | 17:21:00,26.79,70.28,0.27,0.05,0.0,-59.74
2025-06-27 | 17:22:00,26.77,70.53,0.32,0.05,0.0,-55.42
2025-06-27 | 17:23:00,26.76,70.77,0.27,0.05,0.0,-58.8
2025-06-27 | 17:24:00,26.75,71.01,0.27,0.05,0.0,-56.2
2025-06-27 | 17:25:00,26.74,70.95,0.25,0.05,0.0,-58.34
2025-06-27 | 17:26:00,26.73,70.89,0.27,0.05,0.0,-59.14
2025-06-27 | 17:27:00,26.71,70.83,0.3,0.05,0.0,-56.03
2025-06-27 | 17:28:00,26.7,70.73,0.28,0.05,0.0,-57.38
2025-06-27 | 17:29:00,26.69,70.62,0.28,0.05,0.0,-56.33
2025-06-27 | 17:30:00,26.7,70.51,0.26,0.05,0.0,-56.85
2025-06-27 | 17:31:00,26.73,70.7,0.31,0.05,0.0,-57.61
2025-06-27 | 17:32:00,26.79,70.88,0.29,0.05,0.0,-57.46
2025-06-27 | 17:33:00,26.86,71.07,0.28,0.05,0.0,-55.37
2025-06-27 | 17:34:00,26.93,70.97,0.25,0.05,0.0,-56.92
2025-06-27 | 17:35:00,26.99,70.88,0.29,0.05,0.0,-58.98
2025-06-27 | 17:36:00,27.02,70.78,0.26,0.05,0.0,-56.6
2025-06-27 | 17:37:00,27.02,70.69,0.26,0.05,0.0,-58.32
2025-06-27 | 17:38:00,26.99,70.59,0.28,0.05,0.0,-56.71
2025-06-27 | 17:39:00,26.94,70.71,0.27,0.05,0.0,-58.34
2025-06-27 | 17:40:00,26.87,70.82,0.26,0.05,0.0,-58.07
2025-06-27 | 17:41:00,26.8,70.94,0.27,0.05,0.0,-60.4
2025-06-27 | 17:42:00,26.73,71.06,0.28,0.05,0.0,-58.04
2025-06-27 | 17:43:00,26.68,71.18,0.26,0.05,0.0,-54.87
2025-06-27 | 17:44:00,26.64,71.29,0.27,0.05,0.0,-56.62
2025-06-27 | 17:45:00,26.62,71.06,0.31,0.05,0.0,-54.15
2025-06-27 | 17:46:00,26.61,70.82,0.27,0.05,0.0,-57.06
2025-06-27 | 17:47:00,26.61,70.67,0.31,0.05,0.0,-58.77
2025-06-27 | 17:48:00,26.63,71.3,0.29,0.05,0.0,-56.58
2025-06-27 | 17:49:00,26.66,71.94,0.28,0.05,0.0,-56.14
2025-06-27 | 17:50:00,26.7,71.13,0.25,0.05,0.0,-58.35
2025-06-27 | 17:51:00,26.75,70.31,0.27,0.05,0.0,-60.14
2025-06-27 | 17:52:00,26.79,71.13,0.23,0.05,0.0,-56.32
2025-06-27 | 17:53:00,26.82,70.38,0.29,0.05,0.0,-55.09
2025-06-27 | 17:54:00,26.82,69.62,0.25,0.05,0.0,-58.34
2025-06-27 | 17:55:00,26.8,70.38,0.24,0.05,0.0,-58.69
2025-06-27 | 17:56:00,26.77,70.73,0.25,0.05,0.0,-56.15
2025-06-27 | 17:57:00,26.72,71.08,0.27,0.05,0.0,-58.18
2025-06-27 | 17:58:00,26.67,71.43,0.27,0.05,0.0,-57.32
2025-06-27 | 17:59:00,26.65,70.72,0.25,0.05,0.0,-57.47
2025-06-27 | 18:00:00,26.65,70.01,0.27,0.05,0.0,-57.31
2025-06-27 | 18:01:00,26.69,70.38,0.26,0.05,0.0,-55.23
2025-06-27 | 18:02:00,26.74,70.74,0.25,0.05,0.0,-59.19
2025-06-27 | 18:03:00,26.79,71.11,0.25,0.05,0.0,-58.34
2025-06-27 | 18:04:00,26.82,71.13,0.31,0.05,0.0,-56.89
2025-06-27 | 18:05:00,26.82,71.16,0.28,0.05,0.0,-56.19
2025-06-27 | 18:06:00,26.78,71.18,0.27,0.05,0.0,-56.0
2025-06-27 | 18:07:00,26.7,70.8,0.24,0.05,0.0,-58.94
2025-06-27 | 18:08:00,26.61,70.43,0.26,0.05,0.0,-57.06
2025-06-27 | 18:09:00,26.53,70.05,0.25,0.05,0.0,-56.21
2025-06-27 | 18:10:00,26.48,70.52,0.27,0.05,0.0,-56.28
2025-06-27 | 18:11:00,26.48,71.0,0.31,0.05,0.0,-59.76
2025-06-27 | 18:12:00,26.54,71.48,0.29,0.05,0.0,-59.22
2025-06-27 | 18:13:00,26.64,71.25,0.26,0.05,0.0,-55.43
2025-06-27 | 18:14:00,26.77,71.03,0.28,0.05,0.0,-54.53
2025-06-27 | 18:15:00,26.9,70.8,0.28,0.05,0.0,-54.81
2025-06-27 | 18:16:00,27.0,71.05,0.25,0.05,0.0,-57.82
2025-06-27 | 18:17:00,27.07,71.29,0.27,0.05,0.0,-58.28
2025-06-27 | 18:18:00,27.1,71.86,0.25,0.05,0.0,-56.33
2025-06-27 | 18:19:00,27.09,71.66,0.28,0.05,0.0,-57.45
2025-06-27 | 18:20:00,27.06,71.47,0.27,0.05,0.0,-55.93
2025-06-27 | 18:21:00,27.02,72.04,0.3,0.05,0.0,-61.18
2025-06-27 | 18:22:00,26.99,71.24,0.32,0.05,0.0,-58.26
2025-06-27 | 18:23:00,26.97,70.44,0.23,0.05,0.0,-60.95
2025-06-27 | 18:24:00,26.96,71.08,0.3,0.05,0.0,-56.71
2025-06-27 | 18:25:00,26.94,71.71,0.28,0.05,0.0,-58.59
2025-06-27 | 18:26:00,26.93,71.07,0.25,0.05,0.0,-57.89
2025-06-27 | 18:27:00,26.9,71.45,0.26,0.05,0.0,-58.6
2025-06-27 | 18:28:00,26.86,71.84,0.26,0.05,0.0,-59.43
2025-06-27 | 18:29:00,26.81,72.22,0.28,0.05,0.0,-59.42
2025-06-27 | 18:30:00,26.77,71.95,0.27,0.05,0.0,-58.26
2025-06-27 | 18:31:00,26.74,71.68,0.31,0.05,0.0,-59.19
2025-06-27 | 18:32:00,26.74,71.41,0.26,0.05,0.0,-58.12
2025-06-27 | 18:33:00,26.75,71.34,0.28,0.05,0.0,-55.31
2025-06-27 | 18:34:00,26.77,71.27,0.23,0.05,0.0,-57.84
2025-06-27 | 18:35:00,26.81,71.68,0.23,0.05,0.0,-57.91
2025-06-27 | 18:36:00,26.84,72.09,0.27,0.05,0.0,-61.33
2025-06-27 | 18:37:00,26.85,72.5,0.32,0.05,0.0,-56.65
2025-06-27 | 18:38:00,26.85,72.18,0.28,0.05,0.0,-58.95
2025-06-27 | 18:39:00,26.84,71.87,0.32,0.05,0.0,-56.82
2025-06-27 | 18:40:00,26.81,71.56,0.34,0.05,0.0,-55.34
2025-06-27 | 18:41:00,26.78,71.53,0.3,0.05,0.0,-57.18
2025-06-27 | 18:42:00,26.75,71.49,0.28,0.05,0.0,-57.97
2025-06-27 | 18:43:00,26.74,71.46,0.3,0.05,0.0,-58.32
2025-06-27 | 18:44:00,26.73,71.43,0.3,0.05,0.0,-55.3
2025-06-27 | 18:45:00,26.74,71.4,0.25,0.05,0.0,-59.0
2025-06-27 | 18:46:00,26.76,71.61,0.27,0.05,0.0,-56.4
2025-06-27 | 18:47:00,26.78,71.81,0.3,0.05,0.0,-56.72
2025-06-27 | 18:48:00,26.81,72.02,0.26,0.05,0.0,-54.9
2025-06-27 | 18:49:00,26.82,72.34,0.25,0.05,0.0,-57.73
2025-06-27 | 18:50:00,26.83,72.67,0.3,0.05,0.0,-57.04
2025-06-27 | 18:51:00,26.83,72.02,0.29,0.05,0.0,-56.32
2025-06-27 | 18:52:00,26.81,71.83,0.24,0.05,0.0,-55.96
2025-06-27 | 18:53:00,26.77,71.64,0.27,0.05,0.0,-56.15
2025-06-27 | 18:54:00,26.73,71.45,0.29,0.05,0.0,-54.51
2025-06-27 | 18:55:00,26.69,71.78,0.25,0.05,0.0,-55.63
2025-06-27 | 18:56:00,26.66,72.11,0.3,0.05,0.0,-57.42
2025-06-27 | 18:57:00,26.64,72.44,0.25,0.05,0.0,-58.19
2025-06-27 | 18:58:00,26.65,72.81,0.29,0.05,0.0,-57.55
2025-06-27 | 18:59:00,26.68,73.17,0.3,0.05,0.0,-58.75
2025-06-27 | 19:00:00,26.74,73.53,0.27,0.05,0.0,-57.88
2025-06-27 | 19:01:00,26.8,73.08,0.24,0.05,0.0,-57.3
2025-06-27 | 19:02:00,26.86,72.63,0.26,0.05,0.0,-55.36
2025-06-27 | 19:03:00,26.91,72.18,0.29,0.05,0.0,-55.56
2025-06-27 | 19:04:00,26.93,72.26,0.29,0.05,0.0,-58.77
2025-06-27 | 19:05:00,26.93,72.33,0.28,0.05,0.0,-59.56
2025-06-27 | 19:06:00,26.91,72.4,0.26,0.05,0.0,-56.87
2025-06-27 | 19:07:00,26.89,72.47,0.26,0.05,0.0,-57.75
2025-06-27 | 19:08:00,26.88,72.54,0.26,0.05,0.0,-56.3
2025-06-27 | 19:09:00,26.9,73.05,0.28,0.05,0.0,-57.36
2025-06-27 | 19:10:00,26.96,73.55,0.27,0.05,0.0,-59.97
2025-06-27 | 19:11:00,27.05,72.66,0.29,0.05,0.0,-59.27
2025-06-27 | 19:12:00,27.15,73.1,0.27,0.05,0.0,-57.63
2025-06-27 | 19:13:00,27.25,73.53,0.29,0.05,0.0,-58.1
2025-06-27 | 19:14:00,27.33,72.32,0.25,0.05,0.0,-58.13
2025-06-27 | 19:15:00,27.36,72.84,0.28,0.05,0.0,-57.39
2025-06-27 | 19:16:00,27.33,73.36,0.25,0.05,0.0,-55.54
2025-06-27 | 19:17:00,27.26,72.07,0.24,0.05,0.0,-57.17
2025-06-27 | 19:18:00,27.15,72.55,0.29,0.05,0.0,-58.23
2025-06-27 | 19:19:00,27.02,73.03,0.29,0.05,0.0,-57.22
2025-06-27 | 19:20:00,26.9,73.24,0.25,0.05,0.0,-58.41
2025-06-27 | 19:21:00,26.82,73.45,0.27,0.05,0.0,-57.38
2025-06-27 | 19:22:00,26.77,73.47,0.29,0.05,0.0,-58.83
2025-06-27 | 19:23:00,26.78,73.44,0.3,0.05,0.0,-58.28
2025-06-27 | 19:24:00,26.82,73.41,0.28,0.05,0.0,-58.07
2025-06-27 | 19:25:00,26.89,73.23,0.26,0.05,0.0,-58.36
2025-06-27 | 19:26:00,26.96,73.2,0.31,0.05,0.0,-58.11
2025-06-27 | 19:27:00,27.03,73.17,0.26,0.05,0.0,-58.4
2025-06-27 | 19:28:00,27.09,73.14,0.29,0.05,0.0,-57.78
2025-06-27 | 19:29:00,27.12,73.11,0.23,0.05,0.0,-58.95
2025-06-27 | 19:30:00,27.13,73.08,0.28,0.05,0.0,-58.4
2025-06-27 | 19:31:00,27.13,72.73,0.27,0.05,0.0,-60.8
2025-06-27 | 19:32:00,27.13,72.38,0.28,0.05,0.0,-60.41
2025-06-27 | 19:33:00,27.13,72.44,0.29,0.05,0.0,-58.5
2025-06-27 | 19:34:00,27.13,72.74,0.28,0.05,0.0,-57.96
2025-06-27 | 19:35:00,27.15,73.03,0.26,0.05,0.0,-57.67
2025-06-27 | 19:36:00,27.18,73.33,0.25,0.05,0.0,-57.12
2025-06-27 | 19:37:00,27.21,73.21,0.27,0.05,0.0,-56.74
2025-06-27 | 19:38:00,27.24,73.09,0.27,0.05,0.0,-59.77
2025-06-27 | 19:39:00,27.27,72.97,0.26,0.05,0.0,-57.66
2025-06-27 | 19:40:00,27.28,73.12,0.23,0.05,0.0,-56.86
2025-06-27 | 19:41:00,27.26,73.28,0.28,0.05,0.0,-57.96
2025-06-27 | 19:42:00,27.22,73.43,0.26,0.05,0.0,-57.8
2025-06-27 | 19:43:00,27.17,72.5,0.26,0.05,0.0,-60.45
2025-06-27 | 19:44:00,27.1,71.57,0.25,0.05,0.0,-60.98
2025-06-27 | 19:45:00,27.05,72.8,0.24,0.05,0.0,-57.28
2025-06-27 | 19:46:00,27.02,73.88,0.3,0.05,0.0,-57.12
2025-06-27 | 19:47:00,27.03,73.24,0.27,0.05,0.0,-55.36
2025-06-27 | 19:48:00,27.08,73.46,0.31,0.05,0.0,-57.0
2025-06-27 | 19:49:00,27.16,73.48,0.25,0.05,0.0,-58.08
2025-06-27 | 19:50:00,27.25,73.5,0.25,0.05,0.0,-57.99
2025-06-27 | 19:51:00,27.34,73.52,0.25,0.05,0.0,-60.31
2025-06-27 | 19:52:00,27.39,73.54,0.25,0.05,0.0,-56.16
2025-06-27 | 19:53:00,27.39,73.56,0.3,0.05,0.0,-59.0
2025-06-27 | 19:54:00,27.33,73.53,0.26,0.05,0.0,-57.7
2025-06-27 | 19:55:00,27.23,73.49,0.24,0.05,0.0,-55.92
2025-06-27 | 19:56:00,27.11,73.45,0.29,0.05,0.0,-59.12
2025-06-27 | 19:57:00,27.02,73.41,0.27,0.05,0.0,-55.95
2025-06-27 | 19:58:00,26.97,73.38,0.22,0.05,0.0,-59.29
2025-06-27 | 19:59:00,27.0,73.34,0.3,0.05,0.0,-56.68
2025-06-27 | 20:00:00,27.11,73.44,0.28,0.05,0.0,-57.81
2025-06-27 | 20:01:00,27.29,73.54,0.29,0.05,0.0,-59.52
2025-06-27 | 20:02:00,27.48,73.65,0.28,0.05,0.0,-57.08
2025-06-27 | 20:03:00,27.66,73.75,0.23,0.05,0.0,-58.41
2025-06-27 | 20:04:00,27.78,73.85,0.24,0.05,0.0,-57.69
2025-06-27 | 20:05:00,27.81,74.03,0.25,0.05,0.0,-57.96
2025-06-27 | 20:06:00,27.75,74.2,0.27,0.05,0.0,-58.43
2025-06-27 | 20:07:00,27.61,74.38,0.26,0.05,0.0,-57.98
2025-06-27 | 20:08:00,27.44,74.6,0.24,0.05,0.0,-57.97
2025-06-27 | 20:09:00,27.26,74.83,0.29,0.05,0.0,-57.8
2025-06-27 | 20:10:00,27.13,75.05,0.3,0.05,0.0,-56.18
2025-06-27 | 20:11:00,27.06,73.55,0.28,0.05,0.0,-57.12
2025-06-27 | 20:12:00,27.08,74.32,0.27,0.05,0.0,-55.92
2025-06-27 | 20:13:00,27.15,75.19,0.28,0.05,0.0,-56.13
2025-06-27 | 20:14:00,27.25,75.9,0.3,0.05,0.0,-58.88
2025-06-27 | 20:15:00,27.35,74.76,0.27,0.05,0.0,-59.27
2025-06-27 | 20:16:00,27.43,74.29,0.24,0.05,0.0,-57.5
2025-06-27 | 20:17:00,27.46,73.82,0.28,0.05,0.0,-58.84
2025-06-27 | 20:18:00,27.46,74.79,0.28,0.05,0.0,-54.89
2025-06-27 | 20:19:00,27.43,74.94,0.25,0.05,0.0,-56.96
2025-06-27 | 20:20:00,27.4,75.1,0.26,0.05,0.0,-58.34
2025-06-27 | 20:21:00,27.39,75.25,0.29,0.05,0.0,-55.08
2025-06-27 | 20:22:00,27.41,75.22,0.29,0.05,0.0,-56.41
2025-06-27 | 20:23:00,27.46,75.19,0.31,0.05,0.0,-56.66
2025-06-27 | 20:24:00,27.53,75.17,0.28,0.05,0.0,-56.45
2025-06-27 | 20:25:00,27.6,75.28,0.23,0.05,0.0,-58.39
2025-06-27 | 20:26:00,27.65,75.4,0.29,0.05,0.0,-57.65
2025-06-27 | 20:27:00,27.68,74.11,0.28,0.05,0.0,-57.52
2025-06-27 | 20:28:00,27.67,74.92,0.3,0.05,0.0,-59.12
2025-06-27 | 20:29:00,27.65,75.72,0.3,0.05,0.0,-57.13
2025-06-27 | 20:30:00,27.63,75.05,0.24,0.05,0.0,-56.32
2025-06-27 | 20:31:00,27.62,75.28,0.28,0.05,0.0,-61.41
2025-06-27 | 20:32:00,27.63,75.5,0.26,0.05,0.0,-58.04
2025-06-27 | 20:33:00,27.66,76.5,0.27,0.05,0.0,-58.15
2025-06-27 | 20:34:00,27.71,76.38,0.25,0.05,0.0,-58.24
2025-06-27 | 20:35:00,27.75,76.26,0.29,0.05,0.0,-54.2
2025-06-27 | 20:36:00,27.78,76.14,0.32,0.05,0.0,-58.59
2025-06-27 | 20:37:00,27.8,75.79,0.26,0.05,0.0,-58.97
2025-06-27 | 20:38:00,27.79,75.45,0.29,0.05,0.0,-56.75
2025-06-27 | 20:39:00,27.78,75.8,0.3,0.05,0.0,-58.4
2025-06-27 | 20:40:00,27.77,76.15,0.28,0.05,0.0,-57.78
2025-06-27 | 20:41:00,27.77,76.5,0.26,0.05,0.0,-53.96
2025-06-27 | 20:42:00,27.8,76.25,0.3,0.05,0.0,-59.43
2025-06-27 | 20:43:00,27.85,76.0,0.24,0.05,0.0,-57.81
2025-06-27 | 20:44:00,27.9,75.75,0.28,0.05,0.0,-57.42
2025-06-27 | 20:45:00,27.95,75.7,0.29,0.05,0.0,-59.08
2025-06-27 | 20:46:00,27.96,75.65,0.28,0.05,0.0,-58.31
2025-06-27 | 20:47:00,27.95,75.59,0.25,0.05,0.0,-58.29
2025-06-27 | 20:48:00,27.9,76.38,0.27,0.05,0.0,-59.36
2025-06-27 | 20:49:00,27.83,77.17,0.26,0.05,0.0,-57.99
2025-06-27 | 20:50:00,27.75,76.8,0.27,0.05,0.0,-55.08
2025-06-27 | 20:51:00,27.7,76.44,0.26,0.05,0.0,-56.3
2025-06-27 | 20:52:00,27.68,76.07,0.27,0.05,0.0,-56.9
2025-06-27 | 20:53:00,27.7,76.16,0.29,0.05,0.0,-56.06
2025-06-27 | 20:54:00,27.76,76.26,0.28,0.05,0.0,-57.63
2025-06-27 | 20:55:00,27.84,76.35,0.27,0.05,0.0,-57.65
2025-06-27 | 20:56:00,27.92,76.69,0.26,0.05,0.0,-60.22
2025-06-27 | 20:57:00,27.99,77.04,0.28,0.05,0.0,-56.15
2025-06-27 | 20:58:00,28.02,77.38,0.3,0.05,0.0,-55.95
2025-06-27 | 20:59:00,28.02,76.85,0.28,0.05,0.0,-57.67
2025-06-27 | 21:00:00,27.99,76.31,0.28,0.05,0.0,-56.88
2025-06-27 | 21:01:00,27.95,76.57,0.26,0.05,0.0,-56.83
2025-06-27 | 21:02:00,27.92,76.83,0.25,0.05,0.0,-58.05
2025-06-27 | 21:03:00,27.92,77.09,0.25,0.05,0.0,-55.69
2025-06-27 | 21:04:00,27.95,76.82,0.28,0.05,0.0,-59.01
2025-06-27 | 21:05:00,28.01,76.56,0.28,0.05,0.0,-57.24
2025-06-27 | 21:06:00,28.1,76.29,0.26,0.05,0.0,-59.75
2025-06-27 | 21:07:00,28.21,76.63,0.27,0.05,0.0,-57.93
2025-06-27 | 21:08:00,28.32,76.98,0.28,0.05,0.0,-59.28
2025-06-27 | 21:09:00,28.4,77.33,0.28,0.05,0.0,-58.5
2025-06-27 | 21:10:00,28.46,77.17,0.29,0.05,0.0,-59.26
2025-06-27 | 21:11:00,28.48,77.02,0.32,0.05,0.0,-59.01
2025-06-27 | 21:12:00,28.47,76.87,0.31,0.05,0.0,-58.0
2025-06-27 | 21:13:00,28.42,77.3,0.25,0.05,0.0,-58.52
2025-06-27 | 21:14:00,28.34,77.72,0.31,0.05,0.0,-58.21
2025-06-27 | 21:15:00,28.26,78.15,0.26,0.05,0.0,-59.07
2025-06-27 | 21:16:00,28.19,78.0,0.25,0.05,0.0,-58.68
2025-06-27 | 21:17:00,28.13,77.85,0.28,0.05,0.0,-57.52
2025-06-27 | 21:18:00,28.1,77.69,0.28,0.05,0.0,-58.69
2025-06-27 | 21:19:00,28.11,77.7,0.3,0.05,0.0,-56.31
2025-06-27 | 21:20:00,28.15,77.7,0.25,0.05,0.0,-57.87
2025-06-27 | 21:21:00,28.22,77.71,0.27,0.05,0.0,-58.8
2025-06-27 | 21:22:00,28.29,77.72,0.25,0.05,0.0,-58.46
2025-06-27 | 21:23:00,28.36,77.72,0.29,0.05,0.0,-57.83
2025-06-27 | 21:24:00,28.41,77.6,0.26,0.05,0.0,-57.99
2025-06-27 | 21:25:00,28.44,77.49,0.3,0.05,0.0,-59.23
2025-06-27 | 21:26:00,28.44,77.37,0.28,0.05,0.0,-58.28
2025-06-27 | 21:27:00,28.41,77.62,0.3,0.05,0.0,-59.01
2025-06-27 | 21:28:00,28.39,77.87,0.26,0.05,0.0,-58.13
2025-06-27 | 21:29:00,28.36,78.12,0.3,0.05,0.0,-57.42
2025-06-27 | 21:30:00,28.36,78.51,0.28,0.05,0.0,-55.99
2025-06-27 | 21:31:00,28.38,78.9,0.3,0.05,0.0,-54.21
2025-06-27 | 21:32:00,28.43,79.3,0.3,0.05,0.0,-57.33
2025-06-27 | 21:33:00,28.49,79.69,0.29,0.05,0.0,-59.74
2025-06-27 | 21:34:00,28.55,80.08,0.28,0.05,0.0,-57.17
2025-06-27 | 21:35:00,28.61,79.47,0.28,0.05,0.0,-55.69
2025-06-27 | 21:36:00,28.66,78.85,0.28,0.05,0.0,-57.43
2025-06-27 | 21:37:00,28.69,78.24,0.26,0.05,0.0,-60.08
2025-06-27 | 21:38:00,28.71,78.95,0.29,0.05,0.0,-60.22
2025-06-27 | 21:39:00,28.74,79.66,0.3,0.05,0.0,-55.73
2025-06-27 | 21:40:00,28.76,79.18,0.27,0.05,0.0,-57.6
2025-06-27 | 21:41:00,28.79,79.19,0.28,0.05,0.0,-58.27
2025-06-27 | 21:42:00,28.81,79.21,0.32,0.05,0.0,-58.55
2025-06-27 | 21:43:00,28.83,79.22,0.31,0.05,0.0,-57.58
2025-06-27 | 21:44:00,28.82,79.04,0.28,0.05,0.0,-56.88
2025-06-27 | 21:45:00,28.79,78.86,0.29,0.05,0.0,-59.75
2025-06-27 | 21:46:00,28.73,79.66,0.3,0.05,0.0,-57.62
2025-06-27 | 21:47:00,28.66,80.45,0.3,0.05,0.0,-57.97
2025-06-27 | 21:48:00,28.58,80.15,0.31,0.05,0.0,-59.34
2025-06-27 | 21:49:00,28.51,80.11,0.28,0.05,0.0,-58.74
2025-06-27 | 21:50:00,28.48,78.55,0.27,0.05,0.0,-60.96
2025-06-27 | 21:51:00,28.49,78.9,0.31,0.05,0.0,-55.39
2025-06-27 | 21:52:00,28.54,79.31,0.3,0.05,0.0,-57.03
2025-06-27 | 21:53:00,28.61,79.72,0.28,0.05,0.0,-55.83
2025-06-27 | 21:54:00,28.69,80.12,0.24,0.05,0.0,-56.92
2025-06-27 | 21:55:00,28.76,80.03,0.25,0.05,0.0,-57.38
2025-06-27 | 21:56:00,28.79,79.93,0.25,0.05,0.0,-59.27
2025-06-27 | 21:57:00,28.8,79.83,0.28,0.05,0.0,-58.04
2025-06-27 | 21:58:00,28.77,79.77,0.27,0.05,0.0,-58.13
2025-06-27 | 21:59:00,28.72,79.7,0.29,0.05,0.0,-57.09
2025-06-27 | 22:00:00,28.68,79.63,0.24,0.05,0.0,-56.8
2025-06-27 | 22:01:00,28.67,80.06,0.28,0.05,0.0,-57.05
2025-06-27 | 22:02:00,28.69,80.49,0.28,0.05,0.0,-58.37
2025-06-27 | 22:03:00,28.75,80.91,0.29,0.05,0.0,-55.89
2025-06-27 | 22:04:00,28.83,80.95,0.28,0.05,0.0,-59.33
2025-06-27 | 22:05:00,28.93,80.98,0.25,0.05,0.0,-55.36
2025-06-27 | 22:06:00,29.02,81.01,0.3,0.05,0.0,-57.65
2025-06-27 | 22:07:00,29.08,81.04,0.28,0.05,0.0,-55.06
2025-06-27 | 22:08:00,29.11,81.07,0.24,0.05,0.0,-57.93
2025-06-27 | 22:09:00,29.11,80.95,0.28,0.05,0.0,-58.11
2025-06-27 | 22:10:00,29.08,80.83,0.27,0.05,0.0,-54.15
2025-06-27 | 22:11:00,29.03,80.7,0.28,0.05,0.0,-58.78
2025-06-27 | 22:12:00,29.0,80.58,0.27,0.05,0.0,-56.44
2025-06-27 | 22:13:00,28.98,80.46,0.26,0.05,0.0,-58.0
2025-06-27 | 22:14:00,28.99,80.34,0.24,0.05,0.0,-56.25
2025-06-27 | 22:15:00,29.02,80.53,0.31,0.05,0.0,-56.74
2025-06-27 | 22:16:00,29.06,80.72,0.27,0.05,0.0,-55.61
2025-06-27 | 22:17:00,29.11,80.91,0.3,0.05,0.0,-57.08
2025-06-27 | 22:18:00,29.15,81.1,0.27,0.05,0.0,-57.22
2025-06-27 | 22:19:00,29.18,81.3,0.25,0.05,0.0,-58.31
2025-06-27 | 22:20:00,29.19,82.63,0.26,0.05,0.0,-58.84
2025-06-27 | 22:21:00,29.19,83.3,0.32,0.05,0.0,-56.27
2025-06-27 | 22:22:00,29.18,82.13,0.28,0.05,0.0,-57.56
2025-06-27 | 22:23:00,29.18,82.07,0.29,0.05,0.0,-57.38
2025-06-27 | 22:24:00,29.2,82.02,0.24,0.05,0.0,-55.88
2025-06-27 | 22:25:00,29.23,81.96,0.26,0.05,0.0,-61.03
2025-06-27 | 22:26:00,29.28,81.92,0.29,0.05,0.0,-58.61
2025-06-27 | 22:27:00,29.33,81.24,0.26,0.05,0.0,-57.56
2025-06-27 | 22:28:00,29.37,82.53,0.29,0.05,0.0,-57.51
2025-06-27 | 22:29:00,29.39,82.44,0.27,0.05,0.0,-58.23
2025-06-27 | 22:30:00,29.39,82.36,0.28,0.05,0.0,-56.63
2025-06-27 | 22:31:00,29.37,82.12,0.24,0.05,0.0,-54.69
2025-06-27 | 22:32:00,29.34,81.88,0.29,0.05,0.0,-55.99
2025-06-27 | 22:33:00,29.31,81.63,0.3,0.05,0.0,-57.03
2025-06-27 | 22:34:00,29.28,82.12,0.28,0.05,0.0,-57.15
2025-06-27 | 22:35:00,29.29,82.6,0.26,0.05,0.0,-58.24
2025-06-27 | 22:36:00,29.32,83.08,0.25,0.05,0.0,-58.81
2025-06-27 | 22:37:00,29.38,82.85,0.26,0.05,0.0,-57.67
2025-06-27 | 22:38:00,29.46,82.62,0.26,0.05,0.0,-58.72
2025-06-27 | 22:39:00,29.55,82.38,0.32,0.05,0.0,-57.52
2025-06-27 | 22:40:00,29.62,82.15,0.28,0.05,0.0,-60.31
2025-06-27 | 22:41:00,29.67,81.91,0.28,0.05,0.0,-57.96
2025-06-27 | 22:42:00,29.69,81.68,0.26,0.05,0.0,-59.29
2025-06-27 | 22:43:00,29.68,82.23,0.29,0.05,0.0,-57.95
2025-06-27 | 22:44:00,29.66,82.79,0.29,0.05,0.0,-57.01
2025-06-27 | 22:45:00,29.64,83.35,0.29,0.05,0.0,-59.14
2025-06-27 | 22:46:00,29.63,83.08,0.29,0.05,0.0,-55.73
2025-06-27 | 22:47:00,29.64,82.81,0.29,0.05,0.0,-56.36
2025-06-27 | 22:48:00,29.67,82.54,0.26,0.05,0.0,-57.09
2025-06-27 | 22:49:00,29.7,84.09,0.23,0.05,0.0,-55.95
2025-06-27 | 22:50:00,29.74,84.43,0.28,0.05,0.0,-58.22
2025-06-27 | 22:51:00,29.76,83.63,0.28,0.05,0.0,-59.55
2025-06-27 | 22:52:00,29.75,83.43,0.26,0.05,0.0,-59.45
2025-06-27 | 22:53:00,29.72,83.24,0.27,0.05,0.0,-56.61
2025-06-27 | 22:54:00,29.67,83.36,0.25,0.05,0.0,-58.41
2025-06-27 | 22:55:00,29.62,83.48,0.27,0.05,0.0,-58.99
2025-06-27 | 22:56:00,29.6,83.61,0.29,0.05,0.0,-55.7
2025-06-27 | 22:57:00,29.61,83.73,0.22,0.05,0.0,-58.5
2025-06-27 | 22:58:00,29.66,83.85,0.28,0.05,0.0,-58.57
2025-06-27 | 22:59:00,29.76,83.98,0.26,0.05,0.0,-56.0
2025-06-27 | 23:00:00,29.87,84.32,0.25,0.05,0.0,-58.43
2025-06-27 | 23:01:00,29.98,84.66,0.29,0.05,0.0,-57.28
2025-06-27 | 23:02:00,30.06,85.0,0.27,0.05,0.0,-59.36
2025-06-27 | 23:03:00,30.1,84.91,0.31,0.05,0.0,-58.78
2025-06-27 | 23:04:00,30.09,84.83,0.29,0.05,0.0,-55.61
2025-06-27 | 23:05:00,30.04,84.83,0.28,0.05,0.0,-57.5
2025-06-27 | 23:06:00,29.96,84.82,0.29,0.05,0.0,-57.8
2025-06-27 | 23:07:00,29.89,84.81,0.23,0.05,0.0,-55.74
2025-06-27 | 23:08:00,29.85,84.41,0.27,0.05,0.0,-58.74
2025-06-27 | 23:09:00,29.84,84.01,0.31,0.05,0.0,-60.73
2025-06-27 | 23:10:00,29.88,85.12,0.28,0.05,0.0,-60.23
2025-06-27 | 23:11:00,29.94,85.08,0.29,0.05,0.0,-57.34
2025-06-27 | 23:12:00,30.01,85.04,0.27,0.05,0.0,-58.28
2025-06-27 | 23:13:00,30.07,85.56,0.29,0.05,0.0,-57.19
2025-06-27 | 23:14:00,30.11,84.65,0.27,0.05,0.0,-59.35
2025-06-27 | 23:15:00,30.1,85.58,0.3,0.05,0.0,-56.8
2025-06-27 | 23:16:00,30.07,85.15,0.27,0.05,0.0,-56.54
2025-06-27 | 23:17:00,30.02,86.17,0.27,0.05,0.0,-55.43
2025-06-27 | 23:18:00,29.98,85.68,0.26,0.05,0.0,-59.09
2025-06-27 | 23:19:00,29.95,85.57,0.25,0.05,0.0,-56.53
2025-06-27 | 23:20:00,29.95,85.47,0.3,0.05,0.0,-56.69
2025-06-27 | 23:21:00,29.97,86.16,0.26,0.05,0.0,-55.31
2025-06-27 | 23:22:00,30.02,86.05,0.27,0.05,0.0,-59.79
2025-06-27 | 23:23:00,30.07,85.94,0.24,0.05,0.0,-58.24
2025-06-27 | 23:24:00,30.12,85.84,0.3,0.05,0.0,-58.44
2025-06-27 | 23:25:00,30.16,85.94,0.29,0.05,0.0,-60.29
2025-06-27 | 23:26:00,30.21,86.05,0.28,0.05,0.0,-56.38
2025-06-27 | 23:27:00,30.26,86.16,0.28,0.05,0.0,-56.48
2025-06-27 | 23:28:00,30.32,86.16,0.32,0.05,0.0,-56.58
2025-06-27 | 23:29:00,30.41,86.16,0.31,0.05,0.0,-55.76
2025-06-27 | 23:30:00,30.5,86.15,0.26,0.05,0.0,-56.25
2025-06-27 | 23:31:00,30.6,86.47,0.26,0.05,0.0,-56.3
2025-06-27 | 23:32:00,30.68,86.79,0.28,0.05,0.0,-55.97
2025-06-27 | 23:33:00,30.73,87.11,0.3,0.05,0.0,-55.35
2025-06-27 | 23:34:00,30.73,87.07,0.26,0.05,0.0,-57.93
2025-06-27 | 23:35:00,30.68,87.02,0.26,0.05,0.0,-56.71
2025-06-27 | 23:36:00,30.59,86.98,0.27,0.05,0.0,-58.47
2025-06-27 | 23:37:00,30.49,86.94,0.26,0.05,0.0,-59.13
2025-06-27 | 23:38:00,30.4,86.89,0.3,0.05,0.0,-57.88
2025-06-27 | 23:39:00,30.35,87.05,0.27,0.05,0.0,-58.37
2025-06-27 | 23:40:00,30.36,87.21,0.26,0.05,0.0,-58.51
2025-06-27 | 23:41:00,30.42,87.36,0.31,0.05,0.0,-56.63
2025-06-27 | 23:42:00,30.53,87.42,0.28,0.05,0.0,-59.95
2025-06-27 | 23:43:00,30.65,87.48,0.28,0.05,0.0,-57.55
2025-06-27 | 23:44:00,30.77,87.54,0.27,0.05,0.0,-56.86
2025-06-27 | 23:45:00,30.85,87.49,0.29,0.05,0.0,-58.21
2025-06-27 | 23:46:00,30.88,87.44,0.27,0.05,0.0,-58.53
2025-06-27 | 23:47:00,30.86,86.63,0.25,0.05,0.0,-59.91
2025-06-27 | 23:48:00,30.8,87.4,0.28,0.05,0.0,-55.91
2025-06-27 | 23:49:00,30.72,88.18,0.26,0.05,0.0,-56.38
2025-06-27 | 23:50:00,30.65,88.14,0.27,0.05,0.0,-54.89
2025-06-27 | 23:51:00,30.61,88.11,0.26,0.05,0.0,-56.87
2025-06-27 | 23:52:00,30.59,88.08,0.26,0.05,0.0,-59.31
2025-06-27 | 23:53:00,30.61,88.22,0.29,0.05,0.0,-59.03
2025-06-27 | 23:54:00,30.64,88.36,0.27,0.05,0.0,-56.65
2025-06-27 | 23:55:00,30.67,88.5,0.28,0.05,0.0,-56.72
2025-06-27 | 23:56:00,30.7,88.11,0.3,0.05,0.0,-59.95
2025-06-27 | 23:57:00,30.72,87.71,0.29,0.05,0.0,-55.73
2025-06-27 | 23:58:00,30.73,87.32,0.3,0.05,0.0,-57.36
2025-06-27 | 23:59:00,30.75,87.64,0.29,0.05,0.0,-56.78
2025-06-28 | 00:00:00,30.79,87.96,0.32,0.05,0.0,-56.66
